ASIN,Product Name,Field,CSV Value,Live Value,Change
B0GR6BVYS5,Apple 2026 MacBook Neo 13-inch Laptop with A18 Pro chip,Review Count,220,615,395
B0DW1X5YCQ,ASUS ROG Strix G16 Gaming Laptop,Price,2551.79,2570,18.21
B0DW1X5YCQ,ASUS ROG Strix G16 Gaming Laptop,Review Count,152,172,20
B0DYLB2QRF,Razer Blade 14 Gaming Laptop,Price,2299.99,2349.99,50
B0DYLB2QRF,Razer Blade 14 Gaming Laptop,Rating,4.3,4.4,0.1
B0DYLB2QRF,Razer Blade 14 Gaming Laptop,Review Count,43,44,1
B0DGLSB5NC,Samsung Galaxy Book5 Pro 360,Price,1478,1849,371
B0DGLSB5NC,Samsung Galaxy Book5 Pro 360,Review Count,315,165,-150
B0CXKXNNPX,Microsoft Surface Pro 11th Edition,Price,1099.99,1325.79,225.8
B0CXKXNNPX,Microsoft Surface Pro 11th Edition,Rating,4.3,4.4,0.1
B0CXKXNNPX,Microsoft Surface Pro 11th Edition,Review Count,159,174,15
B0FCPP5K2R,ASUS ROG Zephyrus G14 Gaming,Price,2559.99,3155,595.01
B0FCPP5K2R,ASUS ROG Zephyrus G14 Gaming,Rating,5,4.6,-0.4
B0FCPP5K2R,ASUS ROG Zephyrus G14 Gaming,Review Count,3,4,1
B0D2RYV5ZG,Lenovo ThinkPad X1 Carbon Gen 12,Price,1499.99,1699.99,200
B0D2RYV5ZG,Lenovo ThinkPad X1 Carbon Gen 12,Rating,4.5,4.6,0.1
B0D2RYV5ZG,Lenovo ThinkPad X1 Carbon Gen 12,Review Count,12,15,3
B0DGJBQSJY,Apple AirPods Max,Price,449.99,4.6,-445.39
B0DGJBQSJY,Apple AirPods Max,Rating,4.6,16685,16680.4
B0CBLLJTTN,Beats Studio3 Wireless,Price,91.22,87.52,-3.7
B0CBLLJTTN,Beats Studio3 Wireless,Review Count,2390,2508,118
B0CHWRXH8B,Apple AirPods Pro 2nd Gen,Price,258.3,263.86,5.56
B0CHWRXH8B,Apple AirPods Pro 2nd Gen,Review Count,28624,28802,178
B09XS7JWHH,Sony WH-1000XM5 Headphones,Price,298,278,-20
B09XS7JWHH,Sony WH-1000XM5 Headphones,Review Count,19172,19622,450
B0GBWYX9VW,Bose QuietComfort Ultra Headphones,Review Count,18,23,5
B0CVL1K7DX,Bose SoundLink Max Speaker,Rating,4.6,4.5,-0.1
B0CVL1K7DX,Bose SoundLink Max Speaker,Review Count,2116,2282,166
B0F1H9CTPQ,JBL Boombox 4,Rating,4.7,4.8,0.1
B0F1H9CTPQ,JBL Boombox 4,Review Count,407,604,197
B0F9S5NFJT,Sony ULT Field 7 Speaker,Price,348,4.8,-343.2
B0F9S5NFJT,Sony ULT Field 7 Speaker,Rating,4.8,10,5.2
B0FDRBB72D,Samsung HW-Q930D Soundbar,Price,1149,1278.98,129.98
B0FDRBB72D,Samsung HW-Q930D Soundbar,Rating,1,3.1,2.1
B0FDRBB72D,Samsung HW-Q930D Soundbar,Review Count,1,2,1
B0F57R276D,Samsung HW-Q800D Soundbar,Price,747.99,797.99,50
B09GPYL7BJ,Sonos Beam Gen 2,Price,499,369,-130
B09GPYL7BJ,Sonos Beam Gen 2,Review Count,1788,1887,99
B0CZSGWLD5,Alienware 27 AW2725DM Monitor,Price,649.99,619.51,-30.48
B0CZSGWLD5,Alienware 27 AW2725DM Monitor,Rating,4.2,4.3,0.1
B0CZSGWLD5,Alienware 27 AW2725DM Monitor,Review Count,345,393,48
B0DD2ZB3DZ,Dell SE2726HG Monitor,Price,799.49,994.99,195.5
B0DD2ZB3DZ,Dell SE2726HG Monitor,Rating,4,4.1,0.1
B0DD2ZB3DZ,Dell SE2726HG Monitor,Review Count,89,105,16
B0DYG9DKX8,SANSUI 27-inch 240Hz Monitor,Price,1696.99,1899.99,203
B0DYG9DKX8,SANSUI 27-inch 240Hz Monitor,Rating,4.2,4.4,0.2
B0DYG9DKX8,SANSUI 27-inch 240Hz Monitor,Review Count,364,498,134
B08K2NT2G7,ASUS PA247CV Professional Monitor,Price,219,193.49,-25.51
B08K2NT2G7,ASUS PA247CV Professional Monitor,Review Count,566,577,11
B0DVMWCLR9,Gaming PC - RTX 5090 System,Price,6499.99,6999.99,500
B0FC92QYNT,Gaming PC - RTX 5060 System,Price,2029.99,1999.99,-30
B0FDMDJQSW,Gaming PC - RTX 5070 Ti System,Price,1379.99,1439.99,60
B0FDMDJQSW,Gaming PC - RTX 5070 Ti System,Rating,4.6,4.7,0.1
B0FDMDJQSW,Gaming PC - RTX 5070 Ti System,Review Count,3,5,2
B0CW25XR5R,Razer Viper V3 Pro Mouse,Price,119.99,129,9.01
B0CW25XR5R,Razer Viper V3 Pro Mouse,Rating,4.6,4.7,0.1
B0CW25XR5R,Razer Viper V3 Pro Mouse,Review Count,2018,2223,205
B07GBZ4Q68,Logitech G502 HERO Mouse,Price,34.99,31.95,-3.04
B07GBZ4Q68,Logitech G502 HERO Mouse,Review Count,57699,58142,443
B0BYJ7N7LX,Logitech G Pro X Mouse,Price,29.89,26.89,-3
B0BYJ7N7LX,Logitech G Pro X Mouse,Rating,4.3,4.4,0.1
B0BYJ7N7LX,Logitech G Pro X Mouse,Review Count,1219,1264,45
B0F6BDV5Q8,SteelSeries Rival 650,Review Count,174,207,33
B0CSP61VR4,Razer DeathAdder V3 Mouse,Review Count,1606,1819,213
B0FH5XX7GP,SteelSeries Arctis Nova Pro Headset,Price,139.99,149,9.01
B0FH5XX7GP,SteelSeries Arctis Nova Pro Headset,Review Count,447,533,86
B0CYSWTLZY,HyperX Cloud III Headset,Price,379.99,329.99,-50
B0CYSWTLZY,HyperX Cloud III Headset,Rating,3.7,3.8,0.1
B0CYSWTLZY,HyperX Cloud III Headset,Review Count,242,277,35
B0DWD3GVJL,Razer BlackShark V2 X Headset,Price,228.99,230.52,1.53
B0DWD3GVJL,Razer BlackShark V2 X Headset,Review Count,226,281,55
B0GC529BMZ,Logitech G435 Wireless Headset,Price,33.99,32.29,-1.7
B0GC529BMZ,Logitech G435 Wireless Headset,Review Count,191,295,104
B0D9BB41X3,HOROW Black Smart Toilet with Pump and Bidet Built In,Rating,4.6,4.2,-0.4
B0D9BB41X3,HOROW Black Smart Toilet with Pump and Bidet Built In,Review Count,189,53,-136
B0DFWF728F,"HOROW T38 Artistic Smart Toilet, Bidet Toilet with Powerful Flush, Auto Open/Close Lid, Instant Warm Water, Elongated Heated Seat, Dryer, Night Light, Deodorization",Rating,4.6,4.5,-0.1
B0DFWF728F,"HOROW T38 Artistic Smart Toilet, Bidet Toilet with Powerful Flush, Auto Open/Close Lid, Instant Warm Water, Elongated Heated Seat, Dryer, Night Light, Deodorization",Review Count,189,219,30
B0DRXJB8Y6,3D Face Recognition Smart Lock,Price,348.3,349,0.7
B0DRXJB8Y6,3D Face Recognition Smart Lock,Review Count,316,343,27
B081HT5LD6,Moen Flo Smart Water Monitor,Rating,3.9,4,0.1
B081HT5LD6,Moen Flo Smart Water Monitor,Review Count,2162,2224,62
B0DC96PPZK,Amazon Echo Show 10 4th Gen,Rating,4.3,4.4,0.1
B0DC96PPZK,Amazon Echo Show 10 4th Gen,Review Count,3538,5038,1500
B07L6KVGXV,Google Nest Hub Max 2nd Gen,Price,285,219.99,-65.01
B07L6KVGXV,Google Nest Hub Max 2nd Gen,Review Count,205,213,8
B0FK8JL74Q,Apple HomePod mini 2nd Gen,Price,139,149,10
B0FK8JL74Q,Apple HomePod mini 2nd Gen,Review Count,191,269,78
B0GR6BVYS5,Apple 2026 MacBook Neo 13-inch Laptop with A18 Pro chip,Review Count,220,615,395
B0DW1X5YCQ,ASUS ROG Strix G16 Gaming Laptop,Price,2551.79,2570,18.21
B0DW1X5YCQ,ASUS ROG Strix G16 Gaming Laptop,Review Count,152,172,20
B0DYLB2QRF,Razer Blade 14 Gaming Laptop,Price,2299.99,2349.99,50
B0DYLB2QRF,Razer Blade 14 Gaming Laptop,Rating,4.3,4.4,0.1
B0DYLB2QRF,Razer Blade 14 Gaming Laptop,Review Count,43,44,1
B0DGLSB5NC,Samsung Galaxy Book5 Pro 360,Price,1478,1849,371
B0DGLSB5NC,Samsung Galaxy Book5 Pro 360,Review Count,315,165,-150
B0CXKXNNPX,Microsoft Surface Pro 11th Edition,Price,1099.99,1325.79,225.8
B0CXKXNNPX,Microsoft Surface Pro 11th Edition,Rating,4.3,4.4,0.1
B0CXKXNNPX,Microsoft Surface Pro 11th Edition,Review Count,159,174,15
B0FCPP5K2R,ASUS ROG Zephyrus G14 Gaming,Price,2559.99,3155,595.01
B0FCPP5K2R,ASUS ROG Zephyrus G14 Gaming,Rating,5,4.6,-0.4
B0FCPP5K2R,ASUS ROG Zephyrus G14 Gaming,Review Count,3,4,1
B0D2RYV5ZG,Lenovo ThinkPad X1 Carbon Gen 12,Price,1499.99,1699.99,200
B0D2RYV5ZG,Lenovo ThinkPad X1 Carbon Gen 12,Rating,4.5,4.6,0.1
B0D2RYV5ZG,Lenovo ThinkPad X1 Carbon Gen 12,Review Count,12,15,3
B0DGJBQSJY,Apple AirPods Max,Price,449.99,4.6,-445.39
B0DGJBQSJY,Apple AirPods Max,Rating,4.6,16685,16680.4
B0CBLLJTTN,Beats Studio3 Wireless,Price,91.22,87.52,-3.7
B0CBLLJTTN,Beats Studio3 Wireless,Review Count,2390,2508,118
B0CHWRXH8B,Apple AirPods Pro 2nd Gen,Price,258.3,263.86,5.56
B0CHWRXH8B,Apple AirPods Pro 2nd Gen,Review Count,28624,28802,178
B09XS7JWHH,Sony WH-1000XM5 Headphones,Price,298,278,-20
B09XS7JWHH,Sony WH-1000XM5 Headphones,Review Count,19172,19622,450
B0GBWYX9VW,Bose QuietComfort Ultra Headphones,Review Count,18,23,5
B0CVL1K7DX,Bose SoundLink Max Speaker,Rating,4.6,4.5,-0.1
B0CVL1K7DX,Bose SoundLink Max Speaker,Review Count,2116,2282,166
B0F1H9CTPQ,JBL Boombox 4,Rating,4.7,4.8,0.1
B0F1H9CTPQ,JBL Boombox 4,Review Count,407,604,197
B0F9S5NFJT,Sony ULT Field 7 Speaker,Price,348,4.8,-343.2
B0F9S5NFJT,Sony ULT Field 7 Speaker,Rating,4.8,10,5.2
B0FDRBB72D,Samsung HW-Q930D Soundbar,Price,1149,1278.98,129.98
B0FDRBB72D,Samsung HW-Q930D Soundbar,Rating,1,3.1,2.1
B0FDRBB72D,Samsung HW-Q930D Soundbar,Review Count,1,2,1
B0F57R276D,Samsung HW-Q800D Soundbar,Price,747.99,797.99,50
B09GPYL7BJ,Sonos Beam Gen 2,Price,499,369,-130
B09GPYL7BJ,Sonos Beam Gen 2,Review Count,1788,1887,99
B0CZSGWLD5,Alienware 27 AW2725DM Monitor,Price,649.99,619.51,-30.48
B0CZSGWLD5,Alienware 27 AW2725DM Monitor,Rating,4.2,4.3,0.1
B0CZSGWLD5,Alienware 27 AW2725DM Monitor,Review Count,345,393,48
B0DD2ZB3DZ,Dell SE2726HG Monitor,Price,799.49,994.99,195.5
B0DD2ZB3DZ,Dell SE2726HG Monitor,Rating,4,4.1,0.1
B0DD2ZB3DZ,Dell SE2726HG Monitor,Review Count,89,105,16
B0DYG9DKX8,SANSUI 27-inch 240Hz Monitor,Price,1696.99,1899.99,203
B0DYG9DKX8,SANSUI 27-inch 240Hz Monitor,Rating,4.2,4.4,0.2
B0DYG9DKX8,SANSUI 27-inch 240Hz Monitor,Review Count,364,498,134
B08K2NT2G7,ASUS PA247CV Professional Monitor,Price,219,193.49,-25.51
B08K2NT2G7,ASUS PA247CV Professional Monitor,Review Count,566,577,11
B0DVMWCLR9,Gaming PC - RTX 5090 System,Price,6499.99,6999.99,500
B0FC92QYNT,Gaming PC - RTX 5060 System,Price,2029.99,1999.99,-30
B0FDMDJQSW,Gaming PC - RTX 5070 Ti System,Price,1379.99,1439.99,60
B0FDMDJQSW,Gaming PC - RTX 5070 Ti System,Rating,4.6,4.7,0.1
B0FDMDJQSW,Gaming PC - RTX 5070 Ti System,Review Count,3,5,2
B0CW25XR5R,Razer Viper V3 Pro Mouse,Price,119.99,129,9.01
B0CW25XR5R,Razer Viper V3 Pro Mouse,Rating,4.6,4.7,0.1
B0CW25XR5R,Razer Viper V3 Pro Mouse,Review Count,2018,2223,205
B07GBZ4Q68,Logitech G502 HERO Mouse,Price,34.99,31.95,-3.04
B07GBZ4Q68,Logitech G502 HERO Mouse,Review Count,57699,58142,443
B0BYJ7N7LX,Logitech G Pro X Mouse,Price,29.89,26.89,-3
B0BYJ7N7LX,Logitech G Pro X Mouse,Rating,4.3,4.4,0.1
B0BYJ7N7LX,Logitech G Pro X Mouse,Review Count,1219,1264,45
B0F6BDV5Q8,SteelSeries Rival 650,Review Count,174,207,33
B0CSP61VR4,Razer DeathAdder V3 Mouse,Review Count,1606,1819,213
B0FH5XX7GP,SteelSeries Arctis Nova Pro Headset,Price,139.99,149,9.01
B0FH5XX7GP,SteelSeries Arctis Nova Pro Headset,Review Count,447,533,86
B0CYSWTLZY,HyperX Cloud III Headset,Price,379.99,329.99,-50
B0CYSWTLZY,HyperX Cloud III Headset,Rating,3.7,3.8,0.1
B0CYSWTLZY,HyperX Cloud III Headset,Review Count,242,277,35
B0DWD3GVJL,Razer BlackShark V2 X Headset,Price,228.99,230.52,1.53
B0DWD3GVJL,Razer BlackShark V2 X Headset,Review Count,226,281,55
B0GC529BMZ,Logitech G435 Wireless Headset,Price,33.99,32.29,-1.7
B0GC529BMZ,Logitech G435 Wireless Headset,Review Count,191,295,104
B0D9BB41X3,HOROW Black Smart Toilet with Pump and Bidet Built In,Rating,4.6,4.2,-0.4
B0D9BB41X3,HOROW Black Smart Toilet with Pump and Bidet Built In,Review Count,189,53,-136
B0DFWF728F,"HOROW T38 Artistic Smart Toilet, Bidet Toilet with Powerful Flush, Auto Open/Close Lid, Instant Warm Water, Elongated Heated Seat, Dryer, Night Light, Deodorization",Rating,4.6,4.5,-0.1
B0DFWF728F,"HOROW T38 Artistic Smart Toilet, Bidet Toilet with Powerful Flush, Auto Open/Close Lid, Instant Warm Water, Elongated Heated Seat, Dryer, Night Light, Deodorization",Review Count,189,219,30
B0DRXJB8Y6,3D Face Recognition Smart Lock,Price,348.3,349,0.7
B0DRXJB8Y6,3D Face Recognition Smart Lock,Review Count,316,343,27
B081HT5LD6,Moen Flo Smart Water Monitor,Rating,3.9,4,0.1
B081HT5LD6,Moen Flo Smart Water Monitor,Review Count,2162,2224,62
B0DC96PPZK,Amazon Echo Show 10 4th Gen,Rating,4.3,4.4,0.1
B0DC96PPZK,Amazon Echo Show 10 4th Gen,Review Count,3538,5038,1500
B07L6KVGXV,Google Nest Hub Max 2nd Gen,Price,285,219.99,-65.01
B07L6KVGXV,Google Nest Hub Max 2nd Gen,Review Count,205,213,8
B0FK8JL74Q,Apple HomePod mini 2nd Gen,Price,139,149,10
B0FK8JL74Q,Apple HomePod mini 2nd Gen,Review Count,191,270,79
B07GG3XXNX,Ring Video Doorbell Pro 2,Price,120.26,129.99,9.73
B07GG3XXNX,Ring Video Doorbell Pro 2,Rating,4,4.2,0.2
B07GG3XXNX,Ring Video Doorbell Pro 2,Review Count,19492,18852,-640
B0C683F516,Arlo Ultra 2 Floodlight,Price,48.51,69,20.49
B0C683F516,Arlo Ultra 2 Floodlight,Rating,4.2,4.3,0.1
B0C683F516,Arlo Ultra 2 Floodlight,Review Count,2642,1308,-1334
B0D5BBYRJM,Nest Learning Thermostat,Price,254.99,229.99,-25
B0D5BBYRJM,Nest Learning Thermostat,Rating,4.3,4.4,0.1
B0D5BBYRJM,Nest Learning Thermostat,Review Count,2099,2276,177
B09XXTQPXC,Ecobee Smart Thermostat Premium,Price,169.99,199.99,30
B09XXTQPXC,Ecobee Smart Thermostat Premium,Review Count,3477,3555,78
B0DMQ1QMVV,Amazon Echo Studio 2025,Rating,3.8,4.1,0.3
B0DMQ1QMVV,Amazon Echo Studio 2025,Review Count,693,883,190
B07D37VDM3,Aqara Camera Hub G5 Pro,Review Count,7287,7409,122
B0F9W85LWF,SwitchBot Curtain 3,Price,144.49,148.99,4.5
B0F9W85LWF,SwitchBot Curtain 3,Rating,4.4,4.5,0.1
B0F9W85LWF,SwitchBot Curtain 3,Review Count,76,102,26
B0D65VQMZR,Dreo 44 in Smart Ceiling Fan,Price,188.09,197.98,9.89
B0D65VQMZR,Dreo 44 in Smart Ceiling Fan,Review Count,386,435,49
B08C68F2DX,Canon EOS R5 Camera,Price,2799,2999,200
B08C68F2DX,Canon EOS R5 Camera,Review Count,776,780,4
B0BKLQFFSF,Sony A7R V Camera,Rating,4.6,4.5,-0.1
B0BKLQFFSF,Sony A7R V Camera,Review Count,273,282,9
B07FVZFX73,DJI Air 3S Drone,Review Count,988,1119,131
B0F6XN1J7K,DJI Mini 4 Pro Drone,Rating,4.6,4.5,-0.1
B0F6XN1J7K,DJI Mini 4 Pro Drone,Review Count,370,523,153
B0C1S95YZQ,Anker Nebula Mars 3 Projector,Review Count,320,332,12
B00CH9QWOU,Breville Espresso Machine,Price,664.49,689.99,25.5
B00CH9QWOU,Breville Espresso Machine,Rating,4.4,4.5,0.1
B00CH9QWOU,Breville Espresso Machine,Review Count,27373,27530,157
B0D365PHCD,Instant Pot Pro Max,Review Count,1429,1476,47
B0D5NKX2HF,Ninja AF400 Air Fryer,Price,79.99,84.99,5
B0D5NKX2HF,Ninja AF400 Air Fryer,Review Count,2090,2527,437
B0G318V8TR,Dyson V15 Detect Vacuum,Price,599,449,-150
B0G318V8TR,Dyson V15 Detect Vacuum,Rating,4.2,4,-0.2
B0G318V8TR,Dyson V15 Detect Vacuum,Review Count,27,94,67
B0F1N21NKM,Shark Stratos Vacuum,Review Count,4318,5567,1249
B09VY5LQ9G,Nuwave OxyPure Air Purifier,Price,449.99,499.99,50
B09VY5LQ9G,Nuwave OxyPure Air Purifier,Review Count,1489,1503,14
B0C3QQMMRJ,GoveeLife Smart Purifier,Price,34.99,39.99,5
B0C3QQMMRJ,GoveeLife Smart Purifier,Rating,4.6,4.7,0.1
B0C3QQMMRJ,GoveeLife Smart Purifier,Review Count,3349,3589,240
B0C7HL4GHP,NuWave Precision Induction Cooktop,Price,125.99,107.99,-18
B0C7HL4GHP,NuWave Precision Induction Cooktop,Review Count,1119,1145,26
B09TV5FFTS,Smeg Retro Toaster,Rating,4.5,4.4,-0.1
B09TV5FFTS,Smeg Retro Toaster,Review Count,"2,995",3038,43
B01K31X4HG,Herman Miller Aeron Chair,Price,632,3.5,-628.5
B01K31X4HG,Herman Miller Aeron Chair,Rating,3.6,326,322.4
B0DFW9D66S,Autonomous Standing Desk,Price,169.99,159.98,-10.01
B0DFW9D66S,Autonomous Standing Desk,Review Count,461,472,11
B0DT93JWJP,Flexispot Standing Desk Pro,Price,279.99,299.99,20
B0DT93JWJP,Flexispot Standing Desk Pro,Review Count,318,363,45
B0B4N2T7GL,Fitbit Sense 2,Price,199.95,199.94,-0.01
B0B4N2T7GL,Fitbit Sense 2,Review Count,9733,9968,235
B0FLQNCDJK,Peloton Bike+,Price,2095,2695,600
B0FLQNCDJK,Peloton Bike+,Rating,3.9,4.4,0.5
B0FLQNCDJK,Peloton Bike+,Review Count,12,1179,1167
B0CNS894RH,Theragun Pro Massage,Price,159.99,139.99,-20
B0CNS894RH,Theragun Pro Massage,Review Count,2383,2471,88
B0CHZ5WBTH,GoPro Hero 12 Black,Price,434.95,499.95,65
B0CHZ5WBTH,GoPro Hero 12 Black,Review Count,782,797,15
B0FRMBRH3J,Rode Wireless GO II Microphone,Price,54.99,59.99,5
B0FRMBRH3J,Rode Wireless GO II Microphone,Rating,4.3,4.2,-0.1
B0FRMBRH3J,Rode Wireless GO II Microphone,Review Count,223,330,107
B0FNNH6Y4G,BenQ SW240 Monitor,Rating,4.9,4.8,-0.1
B0FNNH6Y4G,BenQ SW240 Monitor,Review Count,13,35,22
B07Y47P31Y,Zhiyun Crane 4S Stabilizer,Price,279,224,-55
B07Y47P31Y,Zhiyun Crane 4S Stabilizer,Rating,4.3,4.4,0.1
B0CH8ZT8Y1,Profoto B10 Plus Head,Price,30,2499,2469
B0CRSTJ3SJ,Sony FE 24-70mm f/2.8 GM,Review Count,4,6,2
B0FKD5HXDJ,Canon RF 70-200mm f/2.8,Price,3099,3222.96,123.96
B0FKD5HXDJ,Canon RF 70-200mm f/2.8,Rating,4.7,5,0.3
B0FKD5HXDJ,Canon RF 70-200mm f/2.8,Review Count,1200,1,-1199
B09QF4TSZF,"Leica M11 Monochrom Digital Rangefinder Camera, Black",Price,6299.99,3.5,-6296.49
B09QF4TSZF,"Leica M11 Monochrom Digital Rangefinder Camera, Black",Rating,3.4,6,2.6
B0FGJYQHK3,Hasselblad X2D 100C 100MP Medium Format Mirrorless Camera with XCD 75mm f/3.4 P Lens,Price,9099,7841.4,-1257.6
B0F59K7M9N,Zeiss Otus 85mm f/1.4,Price,2499,2498.99,-0.01
B09QF1H3VF,Dell XPS 17 Laptop,Price,6843,4.4,-6838.6
B09QF1H3VF,Dell XPS 17 Laptop,Rating,4.3,3,-1.3
B09CV6NMK1,Samsung 65 QLED Frame TV,Rating,3.5,3.6,0.1
B0F3BXY5M1,iRobot Roomba i7+,Price,319.97,359.99,40.02
B0F3BXY5M1,iRobot Roomba i7+,Review Count,88,147,59
B0BL7ZVY78,Canon EOS R6 II Camera,Review Count,594,619,25
B0DXMXY3SC,Samsung Neo QLED TV 55,Price,595.56,44.99,-550.57
B0DXMXY3SC,Samsung Neo QLED TV 55,Rating,4.4,4.5,0.1
B0DXMXY3SC,Samsung Neo QLED TV 55,Review Count,410,495,85
B073TYYM91,Breville Oracle Touch,Rating,3.2,3.4,0.2
B073TYYM91,Breville Oracle Touch,Review Count,583,591,8
B0BDGJ24QQ,GoPro Hero11 Black,Price,484.95,4.5,-480.45
B0BDGJ24QQ,GoPro Hero11 Black,Rating,4.4,953,948.6
B08V226T8Q,Sony A1 Camera,Price,6198,5698,-500
B08V226T8Q,Sony A1 Camera,Review Count,86,87,1
B0DHG4G5L2,DJI Mavic 3 Pro Drone,Review Count,9198,9208,10
B09KHC4XCT,Nikon Z9 II,Price,5296.95,4996.95,-300
B09KHC4XCT,Nikon Z9 II,Review Count,106,107,1
B0CGZ38M6B,Leica Q3,Price,7024.5,6735,-289.5
B0CGZ38M6B,Leica Q3,Rating,4,4.1,0.1
B0FLPYQ693,Bose Headphones 700,Price,123.49,129.99,6.5
B0FLPYQ693,Bose Headphones 700,Review Count,471,506,35
B09JL41N9C,Beats Fit Pro,Price,144.99,149.99,5
B09JL41N9C,Beats Fit Pro,Rating,4.1,4.2,0.1
B09JL41N9C,Beats Fit Pro,Review Count,32076,32196,120
B0D3J98W75,Apple iPad Pro 13-Inch (M4),Price,976.59,1148.15,171.56
B0D3J98W75,Apple iPad Pro 13-Inch (M4),Review Count,1375,1415,40
B0CKRYL4X4,Samsung Galaxy Tab S9 Ultra,Price,539,4.3,-534.7
B0CKRYL4X4,Samsung Galaxy Tab S9 Ultra,Rating,4.5,55,50.5
B0FCV1259W,ASUS ZenBook Duo 14,Price,3029.99,3649.99,620
B0FCV1259W,ASUS ZenBook Duo 14,Rating,4.2,3.9,-0.3
B0FCV1259W,ASUS ZenBook Duo 14,Review Count,8,11,3
B0CZ1RTYQY,Dell UltraSharp 32 Monitor,Price,119.59,4.5,-115.09
B0CZ1RTYQY,Dell UltraSharp 32 Monitor,Rating,4.6,1478,1473.4
B0D2RYV5ZG,Lenovo ThinkPad X1 Carbon Gen 12,Price,1699.99,1799.99
B0FK8JL74Q,Apple HomePod mini 2nd Gen,Price,149.00,139.95
B0DSGJRKCR,Samsung Odyssey G9 Monitor,Price,1289.00,1211.15
B0DSGJRKCR,Samsung Odyssey G9 Monitor,Rating,4.4,4.2
B0DSGJRKCR,Samsung Odyssey G9 Monitor,Review Count,149,184
B09R9QBX2W,Canon RF 100-500mm,Price,3099.95,3199.95
B09R9QBX2W,Canon RF 100-500mm,Rating,4.9,4.8
B0BLD1KBHQ,DJI RS 3 Pro Gimbal,Rating,4.4,4.3
B0BLD1KBHQ,DJI RS 3 Pro Gimbal,Review Count,2434,2569
B0DF44RTTP,Roku Ultra 2023,Review Count,7523,8083
B0FLL5V2K7,Arlo Ultra 2 Plus,Price (SUSPICIOUS >25% drift),349.99,449.99
B0F67KWWQH,Ring Floodlight Cam,Rating,4.1,4.3
B0F67KWWQH,Ring Floodlight Cam,Review Count,425,543
B0DT43P9D5,EufyCam 3,Rating,4.4,4.3
B0DT43P9D5,EufyCam 3,Review Count,336,415
B0D9R7Q449,Anker 4K USB-C Monitor,Price,177.00,203.99
B0D9R7Q449,Anker 4K USB-C Monitor,Rating,4.3,4.4
B0D9R7Q449,Anker 4K USB-C Monitor,Review Count,295,367
B0FXFB9XS7,Herman Miller Mirra Chair,Price,922.00,1003.00
B0FXFB9XS7,Herman Miller Mirra Chair,Rating,4.2,3.9
B0FXFB9XS7,Herman Miller Mirra Chair,Review Count,48,91
B0C3WND2QB,IKEA Bekant Standing Desk,Rating,4.7,4.4
B0FLQQ6Q4P,Peloton Tread,Price,2695.00,3295.00
B0FLQQ6Q4P,Peloton Tread,Rating,3.7,3.9
B0FLQQ6Q4P,Peloton Tread,Review Count,19,25
B0CTSDF3HS,Ninja Foodi Grill,Price,47.59,44.99
B0CTSDF3HS,Ninja Foodi Grill,Review Count,92,103
B0BWSJVTCJ,Vitamix 7500,Price,479.00,509.99
B0BWSJVTCJ,Vitamix 7500,Review Count,731,796
B0DPZPTXZW,Keurig K-Duo,Review Count,456,559
B0CFCQLXCN,Braun Series 9 Shaver,Price,429.99,409.99
B09SZ1LC36,Cuisinart Chef's Knife Set,Price (SUSPICIOUS >25% drift),89.99,139.99
B00S93EQUK,"Alpha Grillers Meat Thermometer Digital – Instant Read Food Thermometer for Cooking & Grilling – Professional Kitchen Gift for Men, Dad & Mom",Price,12.98,14.97
0593135229,Project Hail Mary: A Novel,Review Count,207793,251285
B0CP9YB3Q4,STANLEY Quencher H2.0 Tumbler with Handle and Straw 30 oz | Flowstate 3-Position Lid | Cup Holder Compatible for Travel | Insulated Stainless Steel Cup | BPA-Free | Rose Quartz 2.0,Price (SUSPICIOUS >25% drift),$25 ,35.00
1668236516,Theo of Golden: A Novel,Review Count,68837,117625
B09542G9ZN,"Amazon Basics Hypoallergenic Cotton Rounds for Makeup Removal and Skincare, 100 Count, 1 Pack",Price,2.96,3.23
B09V7Z4TJG,"medicube Toner Pads Zero Pore Pad 2.0 | Dual-Textured Facial Pad for Exfoliation and Pore Care with 4.5% AHA Lactic Acid, 0.45% BHA Salicylic Acid | Ideal for All, Korean Skin Care, 70 Pads (1 Pack)",Review Count,20951,25525
B0BLS3Y632,"Amazon Echo Show 8 (3rd Gen, 2023)",Price,149.99,130.89
B0FHQ3736N,MSI Titan GT77 HX Gaming Laptop,Price,105.99,99.98
B0FMKSGKJN,Lenovo Legion Pro 5i Gen 9,Price,2105.42,2329.00
B0FT4XJK89,Acer Predator Helios 16 Gaming Laptop,Price,1499.00,1595.81
B0CPP726HK,Razer Blade 16 Gaming Laptop,Price,4795.00,3999.99
B0DQ62MCLB,ASUS TUF Gaming A15 Laptop,Price,755.00,860.00
B0DQ62MCLB,ASUS TUF Gaming A15 Laptop,Rating,4.7,4.5
B0DQ62MCLB,ASUS TUF Gaming A15 Laptop,Review Count,73,86
B0F538NQPH,Dell G16 Gaming Laptop RTX 4060,Price,847.00,949.00
B0F538NQPH,Dell G16 Gaming Laptop RTX 4060,Review Count,31,42
B0DK7R3ZZ1,Samsung Galaxy Book4 Ultra Gaming,Price,869.99,909.99
B0DK7R3ZZ1,Samsung Galaxy Book4 Ultra Gaming,Rating,5,4.2
B0DK7R3ZZ1,Samsung Galaxy Book4 Ultra Gaming,Review Count,2,5
B0F789W1V3,Gigabyte AORUS 15 Gaming Laptop,Price,2240.99,2479.38
B0F789W1V3,Gigabyte AORUS 15 Gaming Laptop,Rating,1.7,3.0
B0G43CQSNW,Acer Nitro V 15 Gaming Laptop,Price,729.99,844.95
B0G43CQSNW,Acer Nitro V 15 Gaming Laptop,Review Count,65,90
B08YKHGKTV,Lenovo IdeaPad Gaming 3 Laptop,Price,768.00,649.99
B0D1KQTFT4,Alienware x16 R2 Gaming Laptop,Rating,4.6,3.9
B0D1KQTFT4,Alienware x16 R2 Gaming Laptop,Review Count,11,14
B0G48HHJF8,MSI Vector GP68HX Gaming Laptop,Price,1842.99,2093.00
B0G48HHJF8,MSI Vector GP68HX Gaming Laptop,Rating,4.3,3.7
B0G48HHJF8,MSI Vector GP68HX Gaming Laptop,Review Count,21,12
B0DT7MNLTD,ASUS ROG Flow X16 Gaming Laptop,Rating,4.3,4.0
B0DT7MNLTD,ASUS ROG Flow X16 Gaming Laptop,Review Count,80,49
B07ZJQSGFF,Yamaha YAS-209 Soundbar with Subwoofer,Rating,3.5,3.9
B09J753M18,Polk Audio Signa S4 Soundbar,Price,379.00,449.00
B0DYKS9L32,LG SP9YA 5.1.2 Soundbar Dolby Atmos,Price,96.99,119.99
B0DYKS9L32,LG SP9YA 5.1.2 Soundbar Dolby Atmos,Review Count,149,182
B0F7169WG1,Samsung HW-B650 3.1ch Soundbar,Price,237.99,267.99
B0F7169WG1,Samsung HW-B650 3.1ch Soundbar,Rating,4.8,4.5
B0F7169WG1,Samsung HW-B650 3.1ch Soundbar,Review Count,20,33
B0856M2T37,Sony HT-A7000 7.1.2ch Soundbar,Price,275.00,249.00
B0BLB9H4ZN,Bose Smart Soundbar 600,Rating,4,4.2
B0BLB9H4ZN,Bose Smart Soundbar 600,Review Count,53,58
B08CKJKKBY,Yamaha RX-V6A 7.2ch AV Receiver,Price,799.95,645.00
B0CSP49G2B,Edifier R1280DBs Powered Bookshelf Speakers,Review Count,408,459
B07B4Q5587,ELAC Debut 2.0 B6.2 Bookshelf Speakers,Price (SUSPICIOUS >25% drift),479,329.00
B0DKG8G5J3,Alienware Aurora R16 Desktop,Price,2199.99,2399.99
B0DKG8G5J3,Alienware Aurora R16 Desktop,Rating,3.9,4.0
B0DKG8G5J3,Alienware Aurora R16 Desktop,Review Count,67,71
B0FMXXD6FS,iBUYPOWER Pro Gaming PC RTX 4080,Rating,3.3,2.9
B0FMXXD6FS,iBUYPOWER Pro Gaming PC RTX 4080,Review Count,5,7
B086XMC6GW,ASUS ROG Strix G16CHR Desktop,Price,829.00,868.88
B086XMC6GW,ASUS ROG Strix G16CHR Desktop,Rating,4,4.3
B0BDR8YKF1,Lenovo IdeaCentre Gaming 5 Desktop,Price,849.99,949.99
B0F8Q53BRZ,Skytech Chronos Gaming PC RTX 4070,Price,1029.99,1199.99
B0F8Q53BRZ,Skytech Chronos Gaming PC RTX 4070,Review Count,21,28
B0GBSRFZ52,Periphio Vortex Gaming Desktop RTX 4060 Ti,Price (SUSPICIOUS >25% drift),1099.99,749.99
B07X6BR5W3,Dell G5 Gaming Desktop,Price (SUSPICIOUS >25% drift),2099,1499.00
B0FLVRS6GB,MSI Trident X Plus Gaming Desktop,Price,2874.99,3399.99
B0FLVRS6GB,MSI Trident X Plus Gaming Desktop,Rating,4.5,5.0
B0FLVRS6GB,MSI Trident X Plus Gaming Desktop,Review Count,174,3
B0CNYB5N16,CLX Set Liquid Cooled Gaming Desktop,Review Count,2,3
B07L4BM851,Logitech G502 X Plus Wireless Mouse,Price,89.31,83.99
B0B6XZLNHQ,Razer DeathAdder V3 HyperSpeed Mouse,Price,99.99,79.99
B0D1SCV5WR,SteelSeries Arctis Nova Pro Wireless,Price (SUSPICIOUS >25% drift),299.99,379.99
B09SVB353S,Corsair K95 RGB Platinum Keyboard,Rating,4.2,4.1
B0C8VHR2MC,Razer BlackWidow V4 Pro Keyboard,Rating,3.7,3.6
B0C8VHR2MC,Razer BlackWidow V4 Pro Keyboard,Review Count,22,24
B085RMD5TP,Logitech G915 TKL Wireless Keyboard,Price,161.49,169.00
B09963YS4P,Glorious GMMK Pro Gaming Keyboard,Price (SUSPICIOUS >25% drift),132.59,79.99
B0B1T5LN6X,Razer Viper V3 HyperSpeed Mouse,Price,64.44,58.44
B08QSNNV5H,Corsair MM700 RGB Extended Mouse Pad,Price (SUSPICIOUS >25% drift),44.99,59.99
B07ZDWHL4M,Razer Firefly V2 Pro Mouse Pad,Price,44.36,43.43
B0CDWSWLWV,Elgato Stream Deck MK.2,Price,158.09,184.82
B07RL8H55Z,Elgato Stream Deck XL,Price,249.99,219.99
B07GR31BZZ,Blue Yeti X Professional Microphone,Price,84.99,69.99
B0DG9X4WHW,HyperX Quadcast S RGB Microphone,Price,127.00,130.99
B0FWRXJR85,Corsair HS80 RGB Wireless Headset,Rating,4.2,4.1
B0FWRXJR85,Corsair HS80 RGB Wireless Headset,Review Count,32,53
B0DMQ16T9R,Logitech G Pro X 2 Lightspeed Headset,Price,179.99,160.00
B0DMQ16T9R,Logitech G Pro X 2 Lightspeed Headset,Rating,3.8,4.0
B0DMQ16T9R,Logitech G Pro X 2 Lightspeed Headset,Review Count,7,10
B0DSLZF8HB,Astro A50 X Wireless Headset,Price,299.99,279.99
B0DSLZF8HB,Astro A50 X Wireless Headset,Review Count,17,27
B0FC93C427,Razer BlackShark V2 Pro Wireless,Review Count,2,3
B0F6NZWPTC,HyperX Cloud III Wireless Headset,Price,129.99,139.99
B0F6NZWPTC,HyperX Cloud III Wireless Headset,Review Count,1273,1683
B09L9QK63G,Corsair Virtuoso RGB Wireless XT,Price,149.95,128.95
B09L9QK63G,Corsair Virtuoso RGB Wireless XT,Rating,4.1,4.2
B0CXC2L283,Logitech G535 Lightspeed Wireless Headset,Review Count,43,48
B0BX76VRZL,Turtle Beach Stealth Pro Wireless Headset,Price,229.99,247.99
B0CKFFP3HF,EPOS H6Pro Wired Gaming Headset,Price (SUSPICIOUS >25% drift),139.5,78.99
B0BP6BC17P,Audeze Maxwell Wireless Gaming Headset,Price,299.00,259.97
B0CBG4X8DM,Astro A40 TR Headset with MixAmp Pro,Review Count,5,7
B0FKX1M63D,Amazon Echo Show 10 3rd Gen,Rating,4.5,4.3
B0FKX1M63D,Amazon Echo Show 10 3rd Gen,Review Count,78,115
B07XKWKQYT,Facebook Portal Plus Smart Display,Price,164.50,159.89
B07XKWKQYT,Facebook Portal Plus Smart Display,Rating,4.4,4.6
B0BHZX3TYV,Amazon Echo Show 15 Smart Display,Review Count,18696,3040
B0CLBN88HN,Lenovo Smart Display 10 Google Assistant,Price,155.00,139.99
B07W7LW3VJ,Logi Dock Flex Video Bar Smart Display,Price (SUSPICIOUS >25% drift),718.42,175.99
B074TR4CS6,Samsung Galaxy View3 Tablet Display,Rating,3.9,4.0
B0G3YCFLJT,Sylvania Smart Home Hub Display,Review Count,11,23
B085J1BKVF,Autel EVO Nano+ Drone,Rating,4.4,4.6
B0FJ1S18HF,Skydio 2+ Drone,Review Count,2033,955
B0CFRH6NF2,Dyson V15 Detect Absolute Cordless Vacuum,Price,555.00,595.99
B0CFRH6NF2,Dyson V15 Detect Absolute Cordless Vacuum,Rating,4.2,4.1
B0CFRH6NF2,Dyson V15 Detect Absolute Cordless Vacuum,Review Count,319,337
B0GQJWPRCQ,Shark IZ462H Stratos Cordless Vacuum,Review Count,42,103
B07SXD5KKG,Bissell CrossWave Cordless Max,Price,234.99,245.09
B07SXD5KKG,Bissell CrossWave Cordless Max,Rating,3.9,4.0
B0FLQ68XSW,Tineco Floor One S6 Wet Dry Vacuum,Review Count,38,72
B0B6BKPRG3,LG CordZero A9 Kompressor Vacuum,Price (SUSPICIOUS >25% drift),170,239.99
B0BPC54599,Shark AV2501WD AI Ultra Robot Vacuum,Price,194.99,149.95
B0FS712RGX,Dreame L10s Ultra Gen 2 Robot Vacuum,Rating,5,4.8
B0FS712RGX,Dreame L10s Ultra Gen 2 Robot Vacuum,Review Count,6,9
B0C1QHF68W,Hoover ONEPWR Evolve Pet Cordless Vacuum,Price (SUSPICIOUS >25% drift),152.79,224.99
B0D9QD5LZM,Roborock Q8 Max+ Robot Vacuum,Rating,4.7,4.1
B0D9QD5LZM,Roborock Q8 Max+ Robot Vacuum,Review Count,9,14
B07V39K883,Bissell 2694 CrossWave HF3 Steam Mop,Rating,4.1,4.2
B00CCYLBZ0,Black+Decker BDH2020FL Max Flex Vacuum,Price,91.94,109.99
B0BBH9RHWN,Dyson Outsize Plus Cordless Vacuum,Price,798.88,968.88
B09V3FPPZY,Samsung Jet Bot AI+ Robot Vacuum,Price (SUSPICIOUS >25% drift),4.2,329.99
B08H8HJD7L,Kenmore Elite 31150 Pet Friendly Vacuum,Rating,4.3,4.4
B0D4XCZZ5B,Apple iPad Pro 11-inch M4,Price,819.00,774.95
B0D4XCZZ5B,Apple iPad Pro 11-inch M4,Review Count,94,106
B0DYR6FH7V,Samsung Galaxy Tab S10 Ultra,Price,659.98,691.52
B0DYR6FH7V,Samsung Galaxy Tab S10 Ultra,Review Count,8,9
B0D4XRPST5,Apple iPad Air 13-inch M2,Price,634.95,579.00
B0D4XRPST5,Apple iPad Air 13-inch M2,Rating,4.6,4.8
B0D4XRPST5,Apple iPad Air 13-inch M2,Review Count,316,195
B0CM6M4N79,Samsung Galaxy Tab S10+,Price,29.99,32.99
B0CM6M4N79,Samsung Galaxy Tab S10+,Review Count,1144,6130
B0F1NGFSNY,Lenovo Tab P12 Pro,Review Count,339,432
B0BL5RZMLR,Amazon Fire Max 11 Tablet,Review Count,858,1022
B0CWLV1MB8,Samsung Galaxy Tab A9+,Price,149.99,174.95
B0CWLV1MB8,Samsung Galaxy Tab A9+,Review Count,971,1091
B08264XHCZ,Apple iPad 10th Generation,Price,118.00,106.75
B08264XHCZ,Apple iPad 10th Generation,Review Count,13780,14931
B0D12C8G9F,Xiaomi Pad 6S Pro,Review Count,2,3
B0CN44YDYK,BOOX Tab Ultra C Pro E-Ink Tablet,Rating,3.4,3.6
B0CN44YDYK,BOOX Tab Ultra C Pro E-Ink Tablet,Review Count,20,25
B0D154FWWQ,reMarkable 2 Paper Tablet,Price,393.00,415.41
B0D154FWWQ,reMarkable 2 Paper Tablet,Rating,3.8,4.0
B0BL5RZMLR,Amazon Fire HD 10 Plus Tablet,Review Count,858,1022
B0FR4L5XMV,Onyx BOOX Note Air3 C Color E-Ink,Rating,3.9,4.0
B0FR4L5XMV,Onyx BOOX Note Air3 C Color E-Ink,Review Count,112,158
B0BYNVGS39,Intel NUC 13 Pro Mini PC,Price,699.00,749.00
B0BYNVGS39,Intel NUC 13 Pro Mini PC,Rating,4.3,4.6
B0BYNVGS39,Intel NUC 13 Pro Mini PC,Review Count,20,37
B0G25G961Y,Mac Pro M4 Ultra Tower,Price (SUSPICIOUS >25% drift),69.99,119.99
B0DKNMV258,Beelink SER8 Mini PC AMD Ryzen 9,Price,799.00,739.00
B0DKNMV258,Beelink SER8 Mini PC AMD Ryzen 9,Review Count,70,75
B0BM4BLDCB,Minisforum UM790 Pro Mini PC,Rating,3.8,4.0
B0BM4BLDCB,Minisforum UM790 Pro Mini PC,Review Count,54,57
B0CHF3DY7S,GEEKOM IT13 Mini PC Intel Core i9,Price,849.00,799.00
B0CHF3DY7S,GEEKOM IT13 Mini PC Intel Core i9,Review Count,293,501
B0DTLBMJLS,Apple iMac 24-inch M4,Price,999.95,1019.95
B0DTLBMJLS,Apple iMac 24-inch M4,Rating,4.2,4.0
B0DTLBMJLS,Apple iMac 24-inch M4,Review Count,8,11
B0GGYB66SN,Acemagic S1 Mini PC Intel Core i9,Price,549.99,569.00
B0GGYB66SN,Acemagic S1 Mini PC Intel Core i9,Rating,4.6,4.4
B0GGYB66SN,Acemagic S1 Mini PC Intel Core i9,Review Count,123,133
B0CD7Y4C5Y,GMKtec NucBox M5 Plus Mini PC,Price,489.99,499.99
B0CD7Y4C5Y,GMKtec NucBox M5 Plus Mini PC,Review Count,856,923
B09Q9BVW8Z,Roku Ultra 4K Streaming Player,Price,49.99,55.00
B09HR7SWTR,Roku Express 4K+ Streaming Player,Price (SUSPICIOUS >25% drift),4.6,33.99
B0GP9Q2PN7,Walmart onn. 4K Streaming Box,Price,68.16,72.99
B0GP9Q2PN7,Walmart onn. 4K Streaming Box,Rating,4.9,4.6
B0GP9Q2PN7,Walmart onn. 4K Streaming Box,Review Count,20,124
B0B7Q4XFB3,Amazon Fire TV Cube 3rd Gen,Rating,4.4,4.6
B0B7Q4XFB3,Amazon Fire TV Cube 3rd Gen,Review Count,15886,807
B0FQL57LGV,Brita Large 10 Cup Water Filter Pitcher,Price,40.80,44.79
B0FQL57LGV,Brita Large 10 Cup Water Filter Pitcher,Rating,4.7,4.6
B0FQL57LGV,Brita Large 10 Cup Water Filter Pitcher,Review Count,90,1184
B0C3HHTNJ1,BuzzTV XRS 4900 Ultra Android TV Box,Price,119.99,108.99
B0C3HHTNJ1,BuzzTV XRS 4900 Ultra Android TV Box,Review Count,81,87
B0F5BSVSVB,Philips Sonicare DiamondClean 9900 Toothbrush,Rating,3.8,4.3
B0F5BSVSVB,Philips Sonicare DiamondClean 9900 Toothbrush,Review Count,40,59
B088CKP4BL,Oral-B iO Series 7 Electric Toothbrush,Price,209.99,216.99
B01GNVF8S8,Waterpik Cordless Advanced Water Flosser,Price,99.99,79.99
B0BFQLHRXK,Foreo Luna 4 Face Massager,Price (SUSPICIOUS >25% drift),119.4,149.29
B07PRC3959,PMD Clean Pro Rose Quartz Smart Facial Cleansing Device,Price,179.00,143.99
B07PRC3959,PMD Clean Pro Rose Quartz Smart Facial Cleansing Device,Rating,4.3,4.4
B0D233F7W7,Panasonic ES-LV97 Wet Dry Electric Razor,Price,55.24,64.99
B0DCH7W6Q9,Philips Norelco OneBlade Face + Body,Price,109.96,84.96
B0DCH7W6Q9,Philips Norelco OneBlade Face + Body,Review Count,483,585
B0FGQQ9X2R,Braun Series 9 Pro Electric Shaver,Rating,4.3,4.4
B0FGQQ9X2R,Braun Series 9 Pro Electric Shaver,Review Count,171,261
B0C7FZB9Q9,Dyson Corrale Hair Straightener,Rating,3.8,4.0
B0C7FZB9Q9,Dyson Corrale Hair Straightener,Review Count,256,281
B01HZ5K8UE,Revlon One-Step Hair Dryer and Volumizer,Price,39.95,44.95
B07S7PCYNH,Conair InfinitiPRO Hair Dryer,Price,33.99,40.34
B09GKY436P,Remington Shine Therapy Flat Iron,Price,33.30,33.99
B09GKY436P,Remington Shine Therapy Flat Iron,Review Count,26519,27859
B01DW8KPXS,Veet Easy Wax Roll-On Kit,Rating,3.8,4.1
B01DW8KPXS,Veet Easy Wax Roll-On Kit,Review Count,517,120
B0FHQ2RSS3,Ulike Air3 IPL Hair Removal Handset,Rating,4.3,4.4
B0FHQ2RSS3,Ulike Air3 IPL Hair Removal Handset,Review Count,34,77
B07WYY6KKC,Tria Beauty Hair Removal Laser 4X,Price (SUSPICIOUS >25% drift),299.99,399.99
B0CL1GSK4C,Finishing Touch Flawless Hair Remover,Price,18.19,15.95
B0CL1GSK4C,Finishing Touch Flawless Hair Remover,Rating,3.2,3.4
B0CL1GSK4C,Finishing Touch Flawless Hair Remover,Review Count,513,549
B00UKVNSS0,Wahl Lithium Ion Stainless Steel Grooming Kit,Price,84.72,89.99
B0BXQHC5ZF,Charlotte Tilbury Magic Cream Moisturiser,Price,55.25,65.00
B0BXQHC5ZF,Charlotte Tilbury Magic Cream Moisturiser,Review Count,81,91
B0B9YW39MN,Sulwhasoo Concentrated Ginseng Serum,Price,59.50,70.00
B0B9YW39MN,Sulwhasoo Concentrated Ginseng Serum,Rating,4.4,4.3
B0D93RL2CY,Chanel Le Lift Firming Anti-Wrinkle Serum,Price,19.99,17.99
B0DTFSY24K,YSL Beauty Pure Shots Night Reboot Serum,Rating,3.2,3.1
B084CWTSZM,Guerlain Orchidée Impériale Cream,Price (SUSPICIOUS >25% drift),109.99,80.64
B0D5RDW3WV,The Anxious Generation by Jonathan Haidt,Review Count,50,53
B0DC5CPZ2Y,All Fours by Miranda July,Price,9.95,11.95
1719893705,The God of the Woods by Lauren Fox,Price,16.61,12.81
1719893705,The God of the Woods by Lauren Fox,Review Count,16,17
B0D4WPM4WM,Funny Story by Emily Henry,Price,9.95,11.95
B0DMCVHJ6B,Nexus by Yuval Noah Harari,Rating,4.2,4.4
B0DMCVHJ6B,Nexus by Yuval Noah Harari,Review Count,7,9
B0DXVXBSCN,Onyx Storm by Rebecca Yarros,Price,9.95,11.95
B0CLKYLQFZ,Never Lie by Freida McFadden,Price,9.95,11.95
0120855038,Fourth Wing by Rebecca Yarros,Price,54.90,67.50
0120855038,Fourth Wing by Rebecca Yarros,Review Count,345,409
B0CR6CZKTH,Iron Flame by Rebecca Yarros,Price,9.95,11.95
B0DW62T7Z9,CeraVe Moisturizing Cream 19oz,Price,23.71,21.34
B0DW62T7Z9,CeraVe Moisturizing Cream 19oz,Review Count,1546,2116
B0F6D35G3G,La Roche-Posay Toleriane Double Repair Moisturizer,Rating,4.9,4.6
B0F6D35G3G,La Roche-Posay Toleriane Double Repair Moisturizer,Review Count,57,49674
B0D6Q5GVFR,Neutrogena Hydro Boost Water Gel,Price,13.21,12.51
B0D6Q5GVFR,Neutrogena Hydro Boost Water Gel,Review Count,910,1021
B00ZPWR0N8,EltaMD UV Clear Broad-Spectrum SPF 46,Review Count,20771,68937
B01MDTVZTZ,The Ordinary Niacinamide 10% + Zinc 1%,Price (SUSPICIOUS >25% drift),4.62,6.00
B0FR5KRT22,Paula's Choice CLEAR Regular Strength BHA Liquid Exfoliant,Rating,3.7,5.0
B0FR5KRT22,Paula's Choice CLEAR Regular Strength BHA Liquid Exfoliant,Review Count,4,5
B0D663VWFC,COSRX Advanced Snail 96 Mucin Power Essence,Rating,4.6,4.7
B0D663VWFC,COSRX Advanced Snail 96 Mucin Power Essence,Review Count,1767,2015
B0BXVGW13J,Tatcha Violet-C Brightening Serum,Review Count,147,161
B0DHY9JSNV,NYX Professional Makeup Setting Spray,Price,9.97,8.50
B0DHY9JSNV,NYX Professional Makeup Setting Spray,Review Count,3623,4155
B0FLF3RP1M,Maybelline Sky High Mascara,Price,9.90,8.70
B0FLF3RP1M,Maybelline Sky High Mascara,Review Count,169,244
B09V5QMJ26,Rare Beauty Positive Light Tinted Moisturizer,Price,41.99,35.40
B0BJW7MHJT,Charlotte Tilbury Flawless Filter,Review Count,1174,1316
B01DHA242G,Too Faced Better Than Sex Mascara,Price (SUSPICIOUS >25% drift),14.5,29.00
B07HLD2HC4,It Cosmetics CC+ Cream SPF 50+,Price,39.00,33.15
B00B3RDA9M,Clinique Dramatically Different Moisturizing Gel,Price,41.65,49.00
B0B158KL19,Olaplex No. 3 Hair Perfector,Review Count,7,8
B0DCCF51RW,Living Proof Perfect Hair Day Shampoo,Rating,4.6,4.4
B0DCCF51RW,Living Proof Perfect Hair Day Shampoo,Review Count,303,326
B0B3RDWTDD,Secretlab TITAN Evo 2022 Gaming Chair,Rating,4.3,4.5
B097Q4GKTK,IKEA MARKUS Office Chair,Price,350.00,399.99
B097Q4GKTK,IKEA MARKUS Office Chair,Rating,4.3,4.4
B0DMS2JGSC,FlexiSpot E7 Pro Standing Desk,Price,439.99,339.99
B0DMS2JGSC,FlexiSpot E7 Pro Standing Desk,Review Count,16,17
B0B66JRT4T,SONGMICS Ergonomic Office Chair,Review Count,939,1047
B0BZL3G1K6,X Rocker Pro Series Gaming Chair,Review Count,77,81
B09334M3V8,TOPSKY L-Shaped Computer Desk,Price,276.15,303.99
B0CB1DRDJ1,Bestier 95 inch L-Shaped Gaming Desk,Price (SUSPICIOUS >25% drift),105.99,149.99
B0BZY94QYW,VASAGLE Industrial Ladder Shelf,Price,69.99,59.48
B0BZY94QYW,VASAGLE Industrial Ladder Shelf,Review Count,16987,18943
B0CV1RHF2V,Nathan James Piper 5-Shelf Bookcase,Review Count,62,71
B004S6L2WW,Furinno Turn-N-Tube 5-Tier Bookcase,Price (SUSPICIOUS >25% drift),24.78,34.99
B0FBTYSRQ3,Sony WH-1000XM6 Wireless Headphones,Price,337.00,327.00
B0FBTYSRQ3,Sony WH-1000XM6 Wireless Headphones,Rating,4.3,4.4
B0FBTYSRQ3,Sony WH-1000XM6 Wireless Headphones,Review Count,77,111
B0BDT54SGD,Bose QuietComfort 45 Headphones,Price (SUSPICIOUS >25% drift),154.99,299.00
B08B8XVBM6,Jabra Evolve2 85 Wireless Headset,Rating,3.5,3.7
B0B9FV5ZS9,Sennheiser Momentum 4 Wireless Headphones,Review Count,276,291
B00HVLURL8,Audio-Technica ATH-M50x Professional Headphones,Rating,4.6,4.7
B0DBZV1P44,1MORE SonoFlow Wireless Headphones,Review Count,750,799
B00MR8Z28S,Jabra Move Style Edition Wireless Headphones,Price,59.95,49.99
B00MR8Z28S,Jabra Move Style Edition Wireless Headphones,Review Count,3462,2928
B0CJ144XK3,Sony WF-1000XM5 True Wireless Earbuds,Rating,3.9,4.0
B0CJ144XK3,Sony WF-1000XM5 True Wireless Earbuds,Review Count,916,747
B08LN1J229,JLab JBuds Air ANC True Wireless Earbuds,Price,39.99,37.99
B08LN1J229,JLab JBuds Air ANC True Wireless Earbuds,Rating,3.9,4.0
B0BZV4QFP8,Anker Soundcore Liberty 4 NC Earbuds,Review Count,24882,26222
B0DXP6TSJ7,Nothing Ear (2) True Wireless Earbuds,Price (SUSPICIOUS >25% drift),34.99,49.00
B0B7838HH6,Bose QuietComfort Earbuds II,Price (SUSPICIOUS >25% drift),229,149.00
B07VYPPNSM,Jabra Elite 10 True Wireless Earbuds,Price,44.99,49.99
B07VYPPNSM,Jabra Elite 10 True Wireless Earbuds,Rating,3.8,3.9
B0DGVS74ZM,Technics EAH-AZ80 True Wireless Earbuds,Price,198.48,149.99
B09MR4FQBD,Bose SoundLink Flex Bluetooth Speaker,Price,105.00,108.49
B09MR4FQBD,Bose SoundLink Flex Bluetooth Speaker,Rating,4.3,4.0
B09MR4FQBD,Bose SoundLink Flex Bluetooth Speaker,Review Count,317,352
B0D2S2MFKP,Ultimate Ears HYPERBOOM Portable Speaker,Rating,4.2,4.1
B0D2S2MFKP,Ultimate Ears HYPERBOOM Portable Speaker,Review Count,95,114
B0BC27MM5Z,Marshall Stanmore III Bluetooth Speaker,Review Count,2154,2353
B0BXW5JQ21,Anker Soundcore Motion X600 Speaker,Price,169.99,159.99
B0BXW5JQ21,Anker Soundcore Motion X600 Speaker,Rating,4.7,4.6
B08DG5J6QJ,Bang & Olufsen Beosound A1 Speaker,Price (SUSPICIOUS >25% drift),4.2,349.00
B0BRYQ641F,Harman Kardon Onyx Studio 8 Speaker,Price (SUSPICIOUS >25% drift),169.99,489.90
B0D9Y7N23T,Tribit StormBox Blast Portable Speaker,Price,269.99,299.99
B0D9Y7N23T,Tribit StormBox Blast Portable Speaker,Review Count,356,393
B08N1N9D5K,JBL PartyBox 310 Bluetooth Party Speaker,Price,469.96,449.00
B07TFBDHBK,Sonos One Gen 2 Smart Speaker,Rating,4.3,4.4
B0FC4GVSYQ,Google Nest Audio Smart Speaker,Price,283.99,319.99
B0FC4GVSYQ,Google Nest Audio Smart Speaker,Rating,4.2,4.4
B0FC4GVSYQ,Google Nest Audio Smart Speaker,Review Count,28,160
B0BRXJ9WTD,Ultimate Ears WONDERBOOM 3 Speaker,Price,79.99,69.99
B0BRXJ9WTD,Ultimate Ears WONDERBOOM 3 Speaker,Review Count,2180,2371
B0CDJ4Q1L7,Arlo Pro 4 Spotlight Camera 4-Pack,Rating,4.6,4.7
B0CDJ4Q1L7,Arlo Pro 4 Spotlight Camera 4-Pack,Review Count,3,4
B0B1N7LJD3,Blink Outdoor 4 Security Camera 4-Pack,Review Count,25348,28711
B0DDPW1YK2,Eufy Security eufyCam S3 Pro,Price,399.99,429.99
B0DDPW1YK2,Eufy Security eufyCam S3 Pro,Review Count,994,1083
B0GSS8YDN1,Arlo Ultra 2 Wireless 4K Security Camera,Rating,4.5,1.0
B0GSS8YDN1,Arlo Ultra 2 Wireless 4K Security Camera,Review Count,9800,1
B07C38HT49,SimpliSafe 8-Piece Home Security System,Price,229.99,239.99
B0CCPXMZWG,Ring Indoor Cam 2nd Gen,Review Count,178,200
B0D8BN9XLK,August Wi-Fi Smart Lock Pro,Rating,3.9,3.7
B0D8BN9XLK,August Wi-Fi Smart Lock Pro,Review Count,190,216
B09RS6C1SJ,Schlage Encode Plus Smart WiFi Deadbolt,Price,275.66,319.00
B0DG6TJD7V,Yale Assure Lock 2 Smart Lock,Rating,3.9,3.7
B0DG6TJD7V,Yale Assure Lock 2 Smart Lock,Review Count,190,216
B0DHYFKHNQ,Apple Watch Series 10,Rating,4.4,4.6
B0DHYFKHNQ,Apple Watch Series 10,Review Count,114,160
B08HM64FM2,Polar Vantage V3 GPS Multisport Watch,Price,249.99,229.99
B0CFT1CC3J,Suunto Race GPS Multisport Watch,Price (SUSPICIOUS >25% drift),$299 ,399.00
B0FP24GWW1,Whoop 4.0 Fitness Tracker,Rating,3.6,3.3
B0FP24GWW1,Whoop 4.0 Fitness Tracker,Review Count,38,60
B0DG2S6GC1,Oura Ring Gen 4 Health Tracker,Rating,3.9,4.2
B0DG2S6GC1,Oura Ring Gen 4 Health Tracker,Review Count,702,6025
B0DZ4984QF,TRX All-in-One Suspension Training System,Price,199.95,204.92
B09Z1BXM53,Rogue Ohio Power Bar,Price,126.99,149.00
B002OP1Z44,CAP Barbell 300-Pound Olympic Set,Price,468.03,499.99
B0089W2DF6,Life Fitness Platinum Club Treadmill,Rating,2.9,3.4
B0CG2G7RQY,Theragun Pro Plus Percussion Massager,Price,649.99,599.99
B0CG2G7RQY,Theragun Pro Plus Percussion Massager,Rating,3.7,4.0
B0CG2G7RQY,Theragun Pro Plus Percussion Massager,Review Count,157,362
B0D8KXQ8GP,Hyperice Hypervolt 2 Pro Massager,Rating,4.5,4.3
B0D8KXQ8GP,Hyperice Hypervolt 2 Pro Massager,Review Count,42,53
B01F502YCQ,Manduka PRO Yoga Mat,Price,164.00,150.81
B01F502YCQ,Manduka PRO Yoga Mat,Rating,4.4,4.6
B0BPCTJX7K,Elemis Pro-Collagen Marine Cream,Rating,4.6,4.7
B0BPCTJX7K,Elemis Pro-Collagen Marine Cream,Review Count,105,111
B087F16GKW,Gaiam Premium Yoga Mat,Price,21.80,25.11
B0DYDND45H,Assault AirBike Classic,Review Count,146,167
B0FPGQ98T9,REP Fitness FB-5000 Competition Flat Bench,Review Count,53,77
B0DRSWVTMN,Apple MacBook Pro 14-inch M4 Pro,Price,1599.99,1649.00
B0DRSWVTMN,Apple MacBook Pro 14-inch M4 Pro,Review Count,12,18
B0DRSTX7MT,Apple MacBook Pro 16-inch M4 Max,Price,2699.00,2499.00
B0DRSTX7MT,Apple MacBook Pro 16-inch M4 Max,Review Count,3,4
B09TPWFK6F,ASUS ZenBook Pro 16X OLED,Price (SUSPICIOUS >25% drift),2099.99,2999.99
B0F1YZ4X67,LG Gram 17 Lightweight Laptop,Price,1435.00,1499.99
B0FS2C1CR9,Dell Latitude 7450 Business Laptop,Price,1099.00,1299.00
B0FLNTBHTQ,ASUS ExpertBook B9 OLED Business Laptop,Rating,4.2,4.6
B0FLNTBHTQ,ASUS ExpertBook B9 OLED Business Laptop,Review Count,3,10
B07YMGQYP6,Google Pixelbook Go Chromebook,Price,297.99,279.99
B0FGGNLY2L,Acer Swift Go 16 OLED Laptop,Price (SUSPICIOUS >25% drift),899.99,599.99
B0CKNZJCC3,Lenovo Yoga 9i Gen 9 2-in-1 Laptop,Price (SUSPICIOUS >25% drift),2399,1799.00
B0BYD6QFMV,Razer Book 13 Laptop,Rating,3.5,3.6
B0D1DB11TY,HP Envy 17 Laptop,Price (SUSPICIOUS >25% drift),1299,1759.00
B0FL8YTZVP,Acer Aspire 5 Slim Laptop,Price,369.99,399.99
B0FL8YTZVP,Acer Aspire 5 Slim Laptop,Rating,4.4,4.1
B0FL8YTZVP,Acer Aspire 5 Slim Laptop,Review Count,20,33
B0FHJMV8B3,ASUS VivoBook 15 OLED Laptop,Price,899.99,1099.99
B0FHJMV8B3,ASUS VivoBook 15 OLED Laptop,Rating,4.2,4.1
B0G16FKX1H,Acer Chromebook Spin 714,Price,440.99,426.99
B0G16FKX1H,Acer Chromebook Spin 714,Review Count,2,4
B0CV1Y7NLT,LG UltraGear 32GS95UE OLED Monitor,Price (SUSPICIOUS >25% drift),966.84,1444.06
B09D7JCT5Y,ASUS ProArt PA32UCG 4K HDR Monitor,Price,569.00,615.95
B09TVZHV4W,Dell UltraSharp U3223QE 4K Monitor,Price,789.69,819.69
B0CP6HW894,Samsung Odyssey G9 Super Ultrawide,Price (SUSPICIOUS >25% drift),799.99,1234.99
B081V1M5CR,BenQ EW3280U 4K Entertainment Monitor,Price,399.99,459.99
B081V1M5CR,BenQ EW3280U 4K Entertainment Monitor,Rating,4.4,4.2
B081V1M5CR,BenQ EW3280U 4K Entertainment Monitor,Review Count,4834,217
B08TZR782B,ViewSonic VP2768a Professional Monitor,Price (SUSPICIOUS >25% drift),3.8,549.99
B0CV26XVMD,ASUS ROG Swift PG32UCDM OLED Monitor,Price,1299.00,1239.98
B0CV26XVMD,ASUS ROG Swift PG32UCDM OLED Monitor,Review Count,473,529
B0BD95YZ4J,MSI Optix MAG274QRF-QD Gaming Monitor,Rating,4.6,5.0
B0BD95YZ4J,MSI Optix MAG274QRF-QD Gaming Monitor,Review Count,8400,1
B0F5FP39MK,AOC C27G2 Curved Gaming Monitor,Price (SUSPICIOUS >25% drift),109.99,149.99
B0FSBW8F96,Acer Predator X34 Ultrawide Monitor,Review Count,17,19
B0DF6SW1NL,HP ENVY 32 All-in-One Monitor,Price,1030.06,1219.99
B0DF6SW1NL,HP ENVY 32 All-in-One Monitor,Review Count,182,219
B00FLYWNYQ,Instant Pot Duo 7-in-1 Electric Pressure Cooker,Price,109.99,89.99
B00FLYWNYQ,Instant Pot Duo 7-in-1 Electric Pressure Cooker,Rating,4.6,4.7
B08LB3LZL5,Ninja Foodi 9-in-1 Pressure Cooker,Price (SUSPICIOUS >25% drift),4.5,199.99
B085SC16LF,Nespresso Vertuo Next Coffee Machine,Price,129.99,124.95
B0C59MGW5J,KitchenAid Artisan Series Stand Mixer,Price (SUSPICIOUS >25% drift),389,499.95
B07HSKFGYQ,All-Clad D3 Stainless Steel 10-Piece Cookware Set,Review Count,3036,568
B07T2FWL8Q,Traeger Pro 575 Wood Pellet Grill,Price,799.99,999.00
B0DPH6NNTB,Weber Spirit II E-310 Gas Grill,Review Count,291,357
B0DK3XYGNY,Instant Vortex Plus 6-Quart Air Fryer,Review Count,182,206
B07G3V9K17,Philips Premium Digital Airfryer XXL,Rating,4.3,4.4
B085W1Y6X2,Lodge 12 Inch Cast Iron Skillet,Review Count,433,461
B09ZQ2H6HL,Oxo Good Grips 11-Piece Stainless Steel Cookware Set,Rating,4.4,4.3
B09ZQ2H6HL,Oxo Good Grips 11-Piece Stainless Steel Cookware Set,Review Count,53,58
B000A7NN4I,Zojirushi Neuro Fuzzy Rice Cooker 5.5 Cup,Price,275.57,285.59
B0055FSN0Y,Aroma Housewares 20-Cup Digital Rice Cooker,Price,39.99,42.26
B0055FSN0Y,Aroma Housewares 20-Cup Digital Rice Cooker,Review Count,26413,17259
B0G6G177M4,Google Nest Mini 2nd Gen,Price,52.50,64.99
B0G6G177M4,Google Nest Mini 2nd Gen,Rating,4,4.2
B0G6G177M4,Google Nest Mini 2nd Gen,Review Count,16,48
B0FMGR8TGB,Philips Hue White and Color Ambiance Starter Kit,Price,99.99,102.99
B0FMGR8TGB,Philips Hue White and Color Ambiance Starter Kit,Review Count,68,95
B08BKXPX3N,LIFX A19 Smart Bulb 4-Pack,Price,24.98,22.56
B08BKXPX3N,LIFX A19 Smart Bulb 4-Pack,Rating,4.2,4.4
B08BKXPX3N,LIFX A19 Smart Bulb 4-Pack,Review Count,1972,4293
B07RCNB2L3,Kasa Smart Plug HS103P4 4-Pack,Price,26.99,29.99
B07RCNB2L3,Kasa Smart Plug HS103P4 4-Pack,Review Count,59152,150254
B0D5BGST5N,Google Nest Learning Thermostat 4th Gen,Price,239.99,229.99
B0D5BGST5N,Google Nest Learning Thermostat 4th Gen,Rating,4.3,4.4
B0D5BGST5N,Google Nest Learning Thermostat 4th Gen,Review Count,2099,2276
B0DHYJKVX9,TP-Link Kasa Smart Dimmer Switch 3-Pack,Price,49.99,53.96
B0DHYJKVX9,TP-Link Kasa Smart Dimmer Switch 3-Pack,Review Count,38000,368
B0FMXX1W7D,Meross Smart Garage Door Opener,Review Count,100,139
B09WDL1J8J,Govee LED Strip Lights 65.6ft,Price (SUSPICIOUS >25% drift),89.99,114.99
B07Y1BNZGQ,Wemo WiFi Smart Plug,Price,70.92,60.99
B07Y1BNZGQ,Wemo WiFi Smart Plug,Rating,3.8,4.2
B0C415NHBM,iRobot Roomba Combo j9+ Self-Empty Robot,Price,619.99,699.95
B0C415NHBM,iRobot Roomba Combo j9+ Self-Empty Robot,Rating,3.5,3.4
B0BVB5PTDK,Roborock S8 Pro Ultra Robot Vacuum,Price (SUSPICIOUS >25% drift),449.99,1099.99
B0BFWH2WD8,SwitchBot Hub 2 Smart Home Controller,Price,35.10,36.10
B08ZDT3BLP,Leviton Decora Smart Switch 3-Pack,Price,41.75,45.84
B0CCMTFYJ8,Nikon Z8 Mirrorless Camera,Price,4043.90,3643.90
B0D9KNWMZH,Canon EOS R5 Mark II Mirrorless Camera,Review Count,110,118
B0FC81M3Z4,Fujifilm X-T5 Mirrorless Camera,Price,1999.00,1899.00
B0FC81M3Z4,Fujifilm X-T5 Mirrorless Camera,Rating,4.4,4.7
B0FC81M3Z4,Fujifilm X-T5 Mirrorless Camera,Review Count,8,12
B0CBND8G4P,Sony A6700 APS-C Mirrorless Camera,Price,1498.00,1598.00
B0CBND8G4P,Sony A6700 APS-C Mirrorless Camera,Review Count,134,145
B0B2KV35NX,Canon EOS R10 Mirrorless Camera,Rating,4.6,4.7
B0B2KV35NX,Canon EOS R10 Mirrorless Camera,Review Count,335,356
B0F3HJD64Y,Nikon Z5 II Full-Frame Mirrorless Camera,Price,1696.95,1596.95
B0F3HJD64Y,Nikon Z5 II Full-Frame Mirrorless Camera,Rating,4.9,4.8
B0F3HJD64Y,Nikon Z5 II Full-Frame Mirrorless Camera,Review Count,62,82
B093JGV2FN,Sigma 35mm f/1.4 DG DN Art Lens,Price,989.00,869.00
B093JGV2FN,Sigma 35mm f/1.4 DG DN Art Lens,Review Count,13,14
B09HL44W23,Tamron 28-75mm f/2.8 Di III VXD G2 Lens,Price,699.00,799.00
B0DFHSFL7L,Sony 85mm f/1.4 GM Full-Frame Lens,Review Count,45,49
B013JS85E2,Manfrotto 290 Xtra Aluminum Tripod,Price,216.28,208.63
B07JMMCR17,Joby GorillaPod 3K Kit,Rating,3.9,4.2
B0F1Z8MN9Y,Furbo 360 Dog Camera Pet Monitor,Price,58.00,54.28
B0F1Z8MN9Y,Furbo 360 Dog Camera Pet Monitor,Review Count,107,122
B01IUPTKFM,KONG Classic Dog Chew Toy Large,Price,24.99,23.39
B0D4GHS7V6,PetSafe ScoopFree Self-Cleaning Litter Box,Price,369.99,399.00
B0FFDNZSHT,Litter-Robot 4 Automatic Self-Cleaning Cat Litter Box,Review Count,850,296
B00FPKNRG4,Outward Hound Fun Feeder Slow Feed Bowl,Rating,4.7,4.6
B00FPKNRG4,Outward Hound Fun Feeder Slow Feed Bowl,Review Count,72699,134782
B0C9V4L32W,Bissell Little Green Multi-Purpose Portable Cleaner,Review Count,3379,3568
B0GFNDJPM2,Frisco 72-inch Cat Tree Scratcher Post Condo,Review Count,1841,1075
B0FPZ96ZYG,Ruffwear Front Range Dog Harness,Rating,4.7,4.2
B0FPZ96ZYG,Ruffwear Front Range Dog Harness,Review Count,38,62
B0002AT590,Petmate Indigo Dog House Extra Large,Price,49.99,41.32
B0BMT55MW9,Zesty Paws Allergy Immune Supplement for Dogs,Rating,4.4,4.1
B0BMT55MW9,Zesty Paws Allergy Immune Supplement for Dogs,Review Count,23,25
B0CZPPQD1M,Baby Trend Expedition Jogger Travel System,Price (SUSPICIOUS >25% drift),299,208.55
B0DHLRZSJ7,Graco Slim Fit 3 in 1 Convertible Car Seat,Review Count,880,1566
B0FLQJXMBL,Chicco NextFit Max Convertible Car Seat,Rating,4.5,4.7
B0FLQJXMBL,Chicco NextFit Max Convertible Car Seat,Review Count,17,31
B0FDSHXWYY,Owlet Dream Sock Baby Monitor,Rating,4.2,4.4
B0FDSHXWYY,Owlet Dream Sock Baby Monitor,Review Count,164,289
B0FTSL4FXJ,Nanit Pro Smart Baby Monitor,Review Count,229,286
B0915Y5S5D,Ergobaby Omni Breeze Baby Carrier,Price,219.00,179.00
B000IMQ40U,Melissa & Doug Wooden Activity Table,Price (SUSPICIOUS >25% drift),128.99,213.99
B0BL2143XC,Fisher-Price Jumperoo Baby Activity Center,Rating,4.8,4.9
B0BL2143XC,Fisher-Price Jumperoo Baby Activity Center,Review Count,9,22
B0053X62GK,VTech Sit-to-Stand Learning Walker,Price,47.99,36.99
B0BS72HZXW,Graco Pack 'n Play On The Go Playard,Rating,4.6,4.7
B0BS72HZXW,Graco Pack 'n Play On The Go Playard,Review Count,967,1045
B00M0DWQYI,Infantino Flip 4-in-1 Convertible Baby Carrier,Price,28.99,27.99
B0FXM712Y2,Honest Company Clean Conscious Diapers Size 1,Rating,4.2,3.9
B0FXM712Y2,Honest Company Clean Conscious Diapers Size 1,Review Count,2787,1756
B07XFCFWRC,HP LaserJet Pro MFP M428fdw Printer,Price,474.99,389.00
B07XFCFWRC,HP LaserJet Pro MFP M428fdw Printer,Rating,4.3,4.5
B0D1DV6FV5,Canon PIXMA TR8620a All-In-One Printer,Price,51.51,64.00
B0D1DV6FV5,Canon PIXMA TR8620a All-In-One Printer,Review Count,2775,3101
B096N9JMXF,Epson EcoTank ET-4850 Wireless Printer,Price,445.00,434.00
B0BKW3LB2B,Logitech MX Keys S Wireless Keyboard,Price,129.99,119.99
B0G7729LHK,Logitech MX Master 3S Wireless Mouse,Rating,4.7,4.9
B0G7729LHK,Logitech MX Master 3S Wireless Mouse,Review Count,5,8
B0DK59YKRS,BenQ ScreenBar Halo Monitor Light,Review Count,799,982
B0C6V54N2S,Jabra Evolve2 40 Wired Headset,Price (SUSPICIOUS >25% drift),135.49,68.45
B013F4LLZ0,Poly Voyager Focus 2 UC Wireless Headset,Price,175.00,214.99
B000CD46W8,Bostitch Impulse 25 Sheet Electric Stapler,Price,56.91,63.26
B08VPFB5G3,Amazon Basics Mesh Office Desk Organizer,Price (SUSPICIOUS >25% drift),15.97,10.49
B08PW73XGF,Post-it Super Sticky Notes 12-Pack,Price (SUSPICIOUS >25% drift),11.76,15.08
B0CZ7QGDMT,AmazonBasics Padfolio Resume Portfolio,Rating,4.7,4.6
B0CZ7QGDMT,AmazonBasics Padfolio Resume Portfolio,Review Count,147,164
B0D9XZBH7P,Quartet Glass Dry-Erase Board 6x4ft,Review Count,34,44
B00006IBUY,Avery WeatherProof Shipping Labels 100-Pack,Price,38.20,36.84
B00006IBUY,Avery WeatherProof Shipping Labels 100-Pack,Rating,4.6,4.7
B0D7QJ9BXS,Coleman Sundome 6-Person Camping Tent,Price,139.99,119.99
B08MWY53HV,Big Agnes Copper Spur HV UL3 Tent,Price,391.45,429.95
B08MWY53HV,Big Agnes Copper Spur HV UL3 Tent,Review Count,52,58
B09JXQDZG5,Osprey Atmos AG 65 Hiking Backpack,Price,333.51,365.29
B0DFG2WDQH,Jackery Explorer 2000 Portable Power Station,Rating,4.7,4.6
B0DFG2WDQH,Jackery Explorer 2000 Portable Power Station,Review Count,656,745
B0FM2LVXD7,Goal Zero Yeti 1000X Portable Power Station,Rating,4.4,4.2
B0FM2LVXD7,Goal Zero Yeti 1000X Portable Power Station,Review Count,8,10
B07YXLXX7S,Hydro Flask 32oz Wide Mouth Water Bottle,Price,19.97,22.48
B0753NBMJ5,Jetboil Flash Camping Stove System,Price,144.95,116.03
B0CYSD1C6Y,Anker 625 Solar Panel 100W,Price,179.99,209.00
B0CYSD1C6Y,Anker 625 Solar Panel 100W,Review Count,185,210
B09NQK2581,Black Diamond Spot 400 Headlamp,Review Count,1095,1157
B0FHKTNR6T,Petzl Actik Core Headlamp,Price,87.95,78.90
B0CS54SN91,Therm-a-Rest NeoAir XTherm Sleeping Pad,Rating,4.5,4.3
B0CS6587Z1,Nemo Tensor Ultralight Sleeping Pad,Price,234.14,239.95
B0CS6587Z1,Nemo Tensor Ultralight Sleeping Pad,Review Count,104,119
B09KNT7B19,Callaway Rogue ST Max Driver Golf Club,Rating,4.3,3.4
B09KNT7B19,Callaway Rogue ST Max Driver Golf Club,Review Count,75,5
B0DPN7QZ9R,Titleist Pro V1 Golf Balls 12-Pack,Review Count,1978,2284
B08QJC5YPX,Spalding NBA Outdoor Basketball Size 7,Price (SUSPICIOUS >25% drift),19.99,29.99
B0090VLJL4,Franklin Sports Backyard Soccer Set,Price,39.99,31.99
B0090VLJL4,Franklin Sports Backyard Soccer Set,Rating,4.4,4.3
B074HDF916,Rawlings Select Pro Lite Baseball Glove,Price,51.97,59.38
B087ZKD936,Schwinn IC4 Indoor Cycling Bike,Price,492.44,403.99
B087ZKD936,Schwinn IC4 Indoor Cycling Bike,Rating,4.1,4.3
B0FKTTWRZW,ProForm 9000 Smart Treadmill,Rating,5,3.6
B0FKTTWRZW,ProForm 9000 Smart Treadmill,Review Count,2,4
B09Y9H42CH,Sunny Health Fitness SF-RW5515 Rowing Machine,Price,329.99,249.99
B0CYRDJ4YW,Mikasa VS300 Beach Volleyball,Review Count,83,738
B08S55FDH6,Champion Sports Deluxe Croquet Set,Rating,3.8,3.9
B09GWCTL7S,K2 F.I.T. 84 Boa Women's Inline Skates,Rating,4.4,4.2
B09GWCTL7S,K2 F.I.T. 84 Boa Women's Inline Skates,Review Count,134,145
B09P21MBQM,Garmin DriveSmart 76 GPS Navigator,Price,189.99,199.99
B09P21MBQM,Garmin DriveSmart 76 GPS Navigator,Review Count,204,226
B0DSKXJV3H,Vantrue E1 Lite Dash Cam Front,Price,149.99,139.99
B0DSKXJV3H,Vantrue E1 Lite Dash Cam Front,Review Count,1291,1419
B0FP137YT4,Thinkware U3000 4K UHD Dash Cam,Rating,4.1,3.9
B0FP137YT4,Thinkware U3000 4K UHD Dash Cam,Review Count,56,171
B0G8GQQ3TL,Kasa Smart EP25 Smart Plug Car Charger,Price,229.99,210.99
B0G8GQQ3TL,Kasa Smart EP25 Smart Plug Car Charger,Rating,5,4.5
B0G8GQQ3TL,Kasa Smart EP25 Smart Plug Car Charger,Review Count,15,16
B0BPH6S4DN,Anker 313 Car Charger 24W Dual USB,Price,15.99,14.99
B0D32BNNQ9,Innova 1000 Bluetooth OBD2 Scanner,Rating,4.4,4.3
B0D32BNNQ9,Innova 1000 Bluetooth OBD2 Scanner,Review Count,397,429
B0002UNOYM,Meguiar's Ultimate Liquid Wax 16oz,Price,19.99,16.99
B08NQ1WBR9,WeatherTech All-Weather Floor Mats,Review Count,9,8
B07QG3X6NH,Husky Liners WeatherBeater Floor Liners,Price,134.99,127.49
B0G5WRRVH9,TPMS Tire Pressure Monitor Sensor 4-Pack,Price,35.99,34.19
B0G5WRRVH9,TPMS Tire Pressure Monitor Sensor 4-Pack,Rating,4.2,2.5
B0G5WRRVH9,TPMS Tire Pressure Monitor Sensor 4-Pack,Review Count,21,48
B07BLLRM8R,Schumacher SC1281 100A Battery Charger,Price (SUSPICIOUS >25% drift),126.39,89.99
B0CB7N8JTJ,Car and Driver 10-Foot Extension Cord Car Jump Starter,Rating,3.8,3.6
B0CB7N8JTJ,Car and Driver 10-Foot Extension Cord Car Jump Starter,Review Count,75,81
B0C1HP8N5D,iOttie Easy One Touch 5 Car Phone Mount,Price,18.99,19.95
B0G1SLNB9W,Mpow Car Phone Holder Air Vent Mount,Price,4.61,4.04
B0007898UI,Armor All Car Interior Protectant 3-Pack,Review Count,919,1024
B0DXXLYZTL,Omron Platinum Blood Pressure Monitor,Review Count,2596,3137
B0C3JNJPZ7,Withings Body+ Smart Scale,Price (SUSPICIOUS >25% drift),89.95,129.95
B01N1UX8RW,Renpho Digital Body Fat Scale,Price,24.99,19.99
B0CM9R944Q,BioIntelliSense BioButton Wearable Monitor,Price (SUSPICIOUS >25% drift),199.99,249.99
B0DTZ616WZ,Dexcom G7 Continuous Glucose Monitor,Rating,3,2.9
B0DTZ616WZ,Dexcom G7 Continuous Glucose Monitor,Review Count,3241,3963
B00NWQIN7Q,Homedics Shiatsu Neck and Back Massager,Price,54.99,53.16
B0BKLZGCRZ,Beurer Massage Chair Pad,Price (SUSPICIOUS >25% drift),49.99,34.99
B0CD8V6MM6,Sharper Image Powerboost Deep Tissue Massager,Price (SUSPICIOUS >25% drift),89.99,119.99
B0D5XM211X,Philips SmartSleep Wake-Up Light Therapy Lamp,Rating,3.6,3.4
B0D5XM211X,Philips SmartSleep Wake-Up Light Therapy Lamp,Review Count,86,80
B09XGPRD3W,Carex Day-Light Classic Plus Therapy Lamp,Price (SUSPICIOUS >25% drift),139.99,94.99
B00LJGCQ1U,Zicam Cold Remedy Zinc Nasal Spray,Price,9.82,8.17
B0039LF4Y4,Garden of Life Vitamin Code Raw Probiotics,Price,27.91,28.93
B07BLKLYS4,Natrol Melatonin 10mg 60 Tablets,Price,22.58,26.98
B07SM61FCT,RENPHO Eye Massager with Heat,Price,49.83,53.99
B08MVFKGJM,Samsonite Freeform Hardside Luggage Set 2-Piece,Price,254.00,274.99
B0DLHL7KXB,Away The Bigger Carry-On Suitcase,Review Count,341,701
B0D12T6R7M,Anker PowerCore 26800mAh Portable Charger,Price,39.99,45.99
B0D12T6R7M,Anker PowerCore 26800mAh Portable Charger,Review Count,5999,6659
B0C6K2PJJ8,Baseus 65W PD 3-Port USB-C GaN Charger,Price,20.74,23.95
B0DDL4YW86,Peak Design Travel Backpack 45L,Review Count,128,765
B0DDKBN8BP,Matador Freefly16 Packable Backpack,Price,110.96,117.16
B07T49NLMJ,Bose QuietComfort 20 Noise Cancelling Earbuds,Rating,3.9,4.0
B07T49NLMJ,Bose QuietComfort 20 Noise Cancelling Earbuds,Review Count,218,234
B0GJTXVN9Z,Apple AirTag 4-Pack,Review Count,1680,4784
B0DNXCDSLY,Tile Pro 4-Pack Bluetooth Tracker,Review Count,30,34
B0D5FLXXN1,Eagle Creek Pack-It Reveal Cube Set 3-Piece,Review Count,82,102
B00COE5AM8,Travelon Anti-Theft Classic Backpack,Price,61.00,74.98
B000SKZM9G,Lewis N Clark Comfort Travel Pillow,Price,22.55,23.82
B0FQFHVZYL,Apple Watch Ultra 3 [GPS + Cellular 49mm] Running & Multisport Smartwatch,Price,699.99,779.00
B0FQFHVZYL,Apple Watch Ultra 3 [GPS + Cellular 49mm] Running & Multisport Smartwatch,Review Count,711,869
B0CS7T3DXL,Garmin Epix Pro Gen 2 Smartwatch,Price,479.95,429.95
B0CS7T3DXL,Garmin Epix Pro Gen 2 Smartwatch,Review Count,88,117
B0C79918S5,Samsung Galaxy Watch 6 Classic,Price,300.15,368.99
B0D94N6RH1,Google Pixel Watch 3,Price,399.99,349.99
B0D94N6RH1,Google Pixel Watch 3,Review Count,228,245
B0FVSC589R,Xiaomi Smart Band 8 Pro,Review Count,7,10
B0DYJKTHYF,Amazfit GTR 4 Smartwatch,Price,75.99,79.00
B0DYJKTHYF,Amazfit GTR 4 Smartwatch,Rating,4.4,4.3
B0DYJKTHYF,Amazfit GTR 4 Smartwatch,Review Count,5158,6188
B09B2YNGSN,Fossil Gen 6 Smartwatch,Price,193.81,151.99
B0FN6M84LL,Garmin Venu 3 Health and Fitness Smartwatch,Price,279.99,299.99
B0FN6M84LL,Garmin Venu 3 Health and Fitness Smartwatch,Rating,4.7,4.5
B0FN6M84LL,Garmin Venu 3 Health and Fitness Smartwatch,Review Count,57,139
B0FB1ZLJ5N,Casio G-SHOCK GA-700 Bluetooth Watch,Rating,4.2,4.0
B0FB1ZLJ5N,Casio G-SHOCK GA-700 Bluetooth Watch,Review Count,23,34
B0CFQQ9FDL,Coros Pace 3 GPS Sport Watch,Review Count,1882,2012
B09V7V45XG,Polar Pacer Pro Advanced GPS Running Watch,Price,319.49,349.79
B0C7W12RN2,Meta Quest 3 Mixed Reality Headset,Price (SUSPICIOUS >25% drift),519.95,669.00
B00M66B2CQ,DeWalt 20V Max Circular Saw Kit DCS391L1,Price,247.12,237.00
B0F79K3JBX,Milwaukee M18 Fuel 7-1/4 Circular Saw,Price,214.99,225.00
B0F79K3JBX,Milwaukee M18 Fuel 7-1/4 Circular Saw,Review Count,41,64
B0DNYGV49T,DeWalt DWE7491RS 10-inch Table Saw,Price,10.99,10.44
B0DNYGV49T,DeWalt DWE7491RS 10-inch Table Saw,Review Count,17,18
B00KXAPYKI,Milwaukee M12 Fuel Compact Reciprocating Saw,Price,148.97,155.00
B078C5S3NC,Black+Decker 20V Max Jig Saw Kit,Price (SUSPICIOUS >25% drift),50.99,86.00
B098V9LJQ6,DeWalt DWMT75049 Mechanics Tool Kit 192-Piece,Price,238.42,244.05
B0CNKXHGZT,Craftsman CMMT99446 145 Piece Mechanics Tool Set,Review Count,10023,5859
B0DQ9F3DX8,WEN 4214 12-Inch Variable Speed Drill Press,Price (SUSPICIOUS >25% drift),237.98,313.99
B0B25RNHKH,DeWalt Flexvolt 60V Max Chainsaw Kit,Rating,4.1,4.2
B0FX55P1NF,Oregon 40V Max Cordless Electric Chainsaw,Price,109.99,119.99
B0FX55P1NF,Oregon 40V Max Cordless Electric Chainsaw,Rating,4.6,4.4
B0FX55P1NF,Oregon 40V Max Cordless Electric Chainsaw,Review Count,74,130
B079MJ6MLV,Leatherman Wave Plus Multi-Tool,Price,129.95,103.95
B07DD69QN3,Gerber Suspension NXT Multi-Tool,Price (SUSPICIOUS >25% drift),37.96,47.80
B0CJDLR23M,Klein Tools 1000V Insulated Electrician's Kit,Review Count,118,126
B01AFF2QX8,Gorilla Ladder 6-Foot Fiberglass Ladder,Price,197.92,186.95
B01AFF2QX8,Gorilla Ladder 6-Foot Fiberglass Ladder,Rating,4.6,4.7
B0FLQS1PPB,Werner D6200-2 300-Pound Duty Rating Fiberglass Ladder,Rating,4.7,4.0
B0FLQS1PPB,Werner D6200-2 300-Pound Duty Rating Fiberglass Ladder,Review Count,14000,1
B0FPLD3LL7,Bosch GLM50C 165 Ft Laser Distance Measure,Price,22.99,23.99
B0CX6PRPGY,Kidde 10-Year Sealed Battery Smoke Detector,Price,32.47,29.21
B0CX6PRPGY,Kidde 10-Year Sealed Battery Smoke Detector,Rating,4.2,4.1
B0CX6PRPGY,Kidde 10-Year Sealed Battery Smoke Detector,Review Count,1859,1388
B0CJLMM1TQ,First Alert BRK SC9120B Smoke Carbon Monoxide Detector,Price,50.75,56.50
B0CJLMM1TQ,First Alert BRK SC9120B Smoke Carbon Monoxide Detector,Review Count,1749,2183
B0CVXQQZKY,Orbit B-Hyve Smart Hose Faucet Timer 2-Outlet,Price,58.98,54.99
B0CVXQQZKY,Orbit B-Hyve Smart Hose Faucet Timer 2-Outlet,Rating,3.9,4.1
B0CVXQQZKY,Orbit B-Hyve Smart Hose Faucet Timer 2-Outlet,Review Count,14,16
B09HDT9C4G,"GE 24,000 BTU Smart Window Air Conditioner",Price,396.89,381.00
B09HDT9C4G,"GE 24,000 BTU Smart Window Air Conditioner",Rating,4,3.9
B0D5RJ275K,Roland FP-90X 88-Key Digital Piano,Review Count,7,8
B0DQ22143J,Fender Player Stratocaster Electric Guitar,Price,624.99,679.99
B0DQ22143J,Fender Player Stratocaster Electric Guitar,Rating,4.3,4.4
B0DQ22143J,Fender Player Stratocaster Electric Guitar,Review Count,18,23
B0BGZJ3L3R,Gibson Les Paul Standard 60s Electric Guitar,Price,4389.30,5158.18
B0CR1SW7XT,Taylor 214ce Acoustic-Electric Guitar,Review Count,19,21
B099P1DB5N,Roland TD-27KV2 V-Drums Electronic Drum Kit,Price,879.99,699.99
B0CS3V4P2Y,Alesis Nitro Max Electronic Drum Kit,Price,539.99,489.00
B0CS3V4P2Y,Alesis Nitro Max Electronic Drum Kit,Rating,3.4,3.5
B0CS3V4P2Y,Alesis Nitro Max Electronic Drum Kit,Review Count,7,9
B09FQ84SM7,Boss Katana-100 MkII Guitar Amplifier,Price,439.00,399.99
B09FQ84SM7,Boss Katana-100 MkII Guitar Amplifier,Review Count,16,3
B0CC9ZNZZK,Focusrite Scarlett 2i2 4th Gen USB Audio Interface,Review Count,57,66
B0002E4Z8M,Shure SM7B Vocal Dynamic Microphone,Price,395.00,439.00
B007G3T79E,Yamaha YAS-280 Student Alto Saxophone,Price,1275.00,1385.00
B007G3T79E,Yamaha YAS-280 Student Alto Saxophone,Rating,4.7,4.6
B01FRI60LC,Yamaha YFL-222 Standard Flute,Price (SUSPICIOUS >25% drift),5,1463.00
B08NCDVQTG,Hal Leonard Complete Guitar Method Book,Price (SUSPICIOUS >25% drift),13.99,22.99
B0DVZGV2S7,Husqvarna 450e II X-Torq Chainsaw,Rating,4.4,4.3
B0DVZGV2S7,Husqvarna 450e II X-Torq Chainsaw,Review Count,45,61
B0857KWHHC,EGO Power+ LM2156SP Self-Propelled Mower,Price,749.00,599.99
B0857KWHHC,EGO Power+ LM2156SP Self-Propelled Mower,Review Count,1274,1428
B0CLSC6B2T,Greenworks PRO 80V Cordless Lawn Mower,Review Count,374,487
B0DC6L9TX4,DeWalt DCPW550B 20V Max Power Cleaner,Price,62.99,59.99
B0DC6L9TX4,DeWalt DCPW550B 20V Max Power Cleaner,Review Count,127,152
B00CPGMUXW,Sun Joe SPX3000 2030 PSI Electric Pressure Washer,Rating,4.3,4.4
B00CPGMUXW,Sun Joe SPX3000 2030 PSI Electric Pressure Washer,Review Count,57952,64442
B00LQZP2D8,WORX WG505 3-in-1 Mulching Leaf Blower,Price,99.99,79.00
B0CTKZXNFL,EGO Power+ LB6002 600 CFM Blower,Price (SUSPICIOUS >25% drift),329.99,439.98
B0CYN2D41N,Rain Bird RZXE6I Irrigation Controller,Price,95.26,104.00
B0CYN2D41N,Rain Bird RZXE6I Irrigation Controller,Rating,4.4,4.2
B0CYN2D41N,Rain Bird RZXE6I Irrigation Controller,Review Count,823,906
B099RFRFNK,Vego Garden 17-Inch Tall 9 in 1 Modular Metal Raised Bed,Price,179.95,172.91
B0BXV5HXT5,Greenworks 40V 4-Piece Combo Kit,Rating,4.5,5.0
B0BXV5HXT5,Greenworks 40V 4-Piece Combo Kit,Review Count,830,11
B0C7FDZWLN,Craftsman V20 4-Tool Cordless Lawn & Garden Tool Kit,Review Count,133,145
B0F2S1K4DH,Ryobi 40V HP Brushless Cordless String Trimmer Kit,Price,166.99,199.95
B0F2S1K4DH,Ryobi 40V HP Brushless Cordless String Trimmer Kit,Rating,3.4,3.6
B0F2S1K4DH,Ryobi 40V HP Brushless Cordless String Trimmer Kit,Review Count,6,10
B0FJXLKQC7,Swellpro Fisherman Max Waterproof Drone,Rating,3.6,3.8
B0FJXLKQC7,Swellpro Fisherman Max Waterproof Drone,Review Count,4,6
B0F1F6GRZV,Bellroy Classic Backpack 20L,Rating,4.6,4.7
B0F1F6GRZV,Bellroy Classic Backpack 20L,Review Count,53,69
B0CSDKG7KV,Pacsafe Venturesafe EXP45 Anti-Theft Backpack,Price,244.00,238.00
B0CSDKG7KV,Pacsafe Venturesafe EXP45 Anti-Theft Backpack,Review Count,66,74
B08BX5Q1GL,Nite Ize DoohicKey Carabiner Key Tool,Price,6.49,7.59
B00LB7REBE,Trtl Pillow Plus Neck Pillow for Travel,Price,59.99,64.99
B00LB7REBE,Trtl Pillow Plus Neck Pillow for Travel,Rating,3.8,3.9
B0BWP19CC9,Cabeau Evolution S3 Travel Neck Pillow,Price,53.99,59.99
B0BWP19CC9,Cabeau Evolution S3 Travel Neck Pillow,Review Count,1174,1238
B0D3JFBXTC,Samsung Galaxy Ring Smart Ring,Price (SUSPICIOUS >25% drift),399.99,299.99
B0DDTSXJDV,Eufy Security Video Doorbell E340 Dual Camera,Price,139.99,159.99
B0DDTSXJDV,Eufy Security Video Doorbell E340 Dual Camera,Review Count,819,974
B08R6D1X2F,Lorex 4K Color Night Vision IP Security Camera,Price (SUSPICIOUS >25% drift),79.99,114.99
B0FGNJXLTD,Arlo Essential Indoor Security Camera 2nd Gen,Rating,4.2,4.1
B0FGNJXLTD,Arlo Essential Indoor Security Camera 2nd Gen,Review Count,60,73
B0BSG4NGPN,Wyze Cam Floodlight Pro,Price,124.98,147.99
B0BSG4NGPN,Wyze Cam Floodlight Pro,Review Count,702,1849
B0FMGZFVK9,Branch Ergonomic Chair,Review Count,97,123
B0G2947C7H,IKEA BEKANT Corner Desk Sit-Stand,Price (SUSPICIOUS >25% drift),132.99,169.99
B0C5LHWPDQ,Haworth Fern Task Chair,Rating,4.1,4.2
B0C5LHWPDQ,Haworth Fern Task Chair,Review Count,7,8
B07QG4PZQS,Knoll ReGeneration Work Chair,Price (SUSPICIOUS >25% drift),149.99,199.99
B0CCSXL9BR,Razer Kaira Pro HyperSpeed Headset,Price,78.99,89.99
B084TFWTH5,Logitech G733 Wireless RGB Gaming Headset,Price,139.99,118.99
B084TFWTH5,Logitech G733 Wireless RGB Gaming Headset,Rating,4.3,4.4
B08JFYW4CK,Corsair HS60 Haptic Stereo Gaming Headset,Price,115.99,119.90
B08JFYW4CK,Corsair HS60 Haptic Stereo Gaming Headset,Rating,4.1,4.2
B09FYH2511,Meta Portal Go Smart Video Calling Device,Price,249.00,229.00
B0G1S9VRDM,Lenovo Smart Clock Essential with Alexa,Rating,4.3,3.9
B0F1NGFSNY,Lenovo Tab P11 Pro Gen 2,Review Count,339,432
B09BG5P9JH,Amazon Fire 7 2022 Tablet,Price (SUSPICIOUS >25% drift),104.99,67.99
B0BZJTQ5YP,NVIDIA Jetson Orin Nano Super Developer Kit,Price (SUSPICIOUS >25% drift),249,319.99
B0FTSBZ3RH,System76 Thelio Major R5 Desktop,Price,172.90,153.98
B0FTSBZ3RH,System76 Thelio Major R5 Desktop,Review Count,14,16
B0DGLN22JK,Framework Desktop DIY Edition,Rating,4.2,4.4
B0DGLN22JK,Framework Desktop DIY Edition,Review Count,9,12
B0GFB8N1V3,ASUS ProArt Station PD5 Desktop PC,Price,749.99,799.99
B0F4JR68TK,La Prairie Skin Caviar Luxe Cream 1.7oz,Rating,3.4,3.5
B0F4JR68TK,La Prairie Skin Caviar Luxe Cream 1.7oz,Review Count,15,20
B08QCDDNNZ,Valmont Prime Renewing Pack Mask,Price,15.99,17.99
B08QCDDNNZ,Valmont Prime Renewing Pack Mask,Review Count,217,231
B001N0XB6G,Diptyque Baies Body Lotion 6.7oz,Price,87.00,95.50
B00SQB5BBS,Holly by Stephen King,Price,20.99,23.99
B00SQB5BBS,Holly by Stephen King,Review Count,214,226
B086H458MP,Gaggia Classic Evo Pro Espresso Machine,Rating,4.2,4.4
B0G6FR8V9Y,Vitamix E310 Explorian Blender,Rating,4.9,4.5
B0G6FR8V9Y,Vitamix E310 Explorian Blender,Review Count,18,73
B0855B5Z6F,Ninja BN701 Professional Bender,Price,109.99,99.95
B00068J26E,Zwilling Pro 7-Piece Knife Block Set,Price,448.89,396.57
B00068J26E,Zwilling Pro 7-Piece Knife Block Set,Rating,4.3,4.4
B00068J26E,Zwilling Pro 7-Piece Knife Block Set,Review Count,36,39
B09JBJWR4T,Wusthof Classic 7-Piece Slim Knife Block Set,Review Count,54,58
B0CQMGW7JJ,Ninja DualBrew Pro 12-Cup Coffee System,Review Count,102,114
B0CJ9W38VQ,LifeFitness Activate Series Treadmill,Price,499.00,599.00
B0C756SPQY,Sunny Health Fitness SF-T7515 Smart Treadmill,Rating,4.1,4.3
B0C756SPQY,Sunny Health Fitness SF-T7515 Smart Treadmill,Review Count,172,2251
B07CHR5QDQ,REP Fitness PR-5000 Power Rack,Price,436.98,379.99
B07CHR5QDQ,REP Fitness PR-5000 Power Rack,Rating,4.1,4.3
B0CNS8D564,Titan Fitness X-3 Flat Weight Bench,Review Count,57,63
B002KV1MJU,Marcy Magnetic Resistance Recumbent Bike ME-709,Price,199.00,159.99
B08H4QPM19,Peach & Lily Glass Skin Serum,Review Count,820,862
B018A0MGH6,Youth To The People Superfood Air-Whip Moisture Cream,Review Count,2693,2391
B016Z69QF2,Kiehl's Ultra Facial Cream SPF 30 4oz,Price (SUSPICIOUS >25% drift),4.6,26.00
B0FY3Q2F2M,First Aid Beauty Ultra Repair Cream 6oz,Price,39.56,42.00
B0FY3Q2F2M,First Aid Beauty Ultra Repair Cream 6oz,Review Count,16119,18930
B0GRQ3PR9R,HP Chromebook 14a Laptop,Price (SUSPICIOUS >25% drift),449,299.00
B0DM58SR6V,Lenovo IdeaPad Flex 5i Chromebook,Review Count,5,6
B0CT9552BL,Dyson V8 Absolute Cordless Vacuum,Price,329.99,349.99
B0CT9552BL,Dyson V8 Absolute Cordless Vacuum,Review Count,4848,5163
B0B5J4SQ8V,Hoover WindTunnel 3 High Performance Pet Vacuum,Review Count,115,136
B0BCN6JSCQ,Dyson Ball Animal 3 Upright Vacuum,Price,249.99,304.74
B0BCN6JSCQ,Dyson Ball Animal 3 Upright Vacuum,Rating,4,4.3
B0BCN6JSCQ,Dyson Ball Animal 3 Upright Vacuum,Review Count,18,29
B07QNS8JD2,Nikon NIKKOR Z 50mm f/1.8 S Lens,Price,495.00,439.00
B07QNS8JD2,Nikon NIKKOR Z 50mm f/1.8 S Lens,Review Count,17,19
B07SQ3N7VK,Profoto B10 Plus 500 AirTTL Studio Flash,Rating,2.8,3.1
B0D4QN3GZD,Godox AD200Pro TTL Pocket Flash,Price,349.00,319.00
B0D4QN3GZD,Godox AD200Pro TTL Pocket Flash,Review Count,275,319
B091FXQQMQ,Belkin WeMo Insight Smart Plug 2-Pack,Price,13.96,16.99
B091FXQQMQ,Belkin WeMo Insight Smart Plug 2-Pack,Review Count,36093,40126
B0CLBD4272,Hue Motion Sensor Indoor 2-Pack,Review Count,213,239
B0FLXXF4YW,Aqara Hub M2 Matter Smart Home Hub,Review Count,164,227
B072M5FFZ5,Gillette Fusion5 ProShield Razor Handle with 5 Blades,Review Count,21397,19921
B0BG3JMMQH,Drybar The One Triple Barrel Waver,Price,139.00,118.15
B09ZWNSS4L,NuFACE Trinity Facial Toning Device,Rating,3.6,3.9
B09ZWNSS4L,NuFACE Trinity Facial Toning Device,Review Count,230,98
B001715PN8,OXO Good Grips 3-Piece Mixing Bowl Set,Price,69.92,65.89
B0FJ2L67HJ,DJI RS 4 Pro Gimbal Stabilizer,Review Count,1543,2352
B08N62R79Z,Nanoleaf Shapes Ultra Black Hexagons Starter Kit,Rating,4.1,4.3
B0B2FCT81R,Sony WH-1000XM5 Wireless Headphones,Price,209.00,199.99
B08QXB9BH5,Ninja Creami Ice Cream Maker,Price (SUSPICIOUS >25% drift),165.97,229.99
B0FCHM73BF,Samsung Galaxy Tab S10 FE,Price,299.99,319.99
B0FCHM73BF,Samsung Galaxy Tab S10 FE,Review Count,43,62
B0CG2G7RQY,Theragun Pro Plus Massage Gun,Price,649.99,599.99
B0CG2G7RQY,Theragun Pro Plus Massage Gun,Rating,3.7,4.0
B0CG2G7RQY,Theragun Pro Plus Massage Gun,Review Count,157,362
B09BDK76R2,Philips Hue Gradient Lightstrip 6ft,Price,149.00,119.99
B0C278H4GB,Garmin Forerunner 265 GPS Running Watch,Price,337.99,329.99
B0C278H4GB,Garmin Forerunner 265 GPS Running Watch,Rating,4.7,4.6
B0C278H4GB,Garmin Forerunner 265 GPS Running Watch,Review Count,86,117
B018MAVS4Q,Giorgio Armani Luminous Silk Foundation,Price,132.55,129.25
B018MAVS4Q,Giorgio Armani Luminous Silk Foundation,Rating,4.3,4.4
B018MAVS4Q,Giorgio Armani Luminous Silk Foundation,Review Count,23,26
B0F5YYYNGW,Shiseido Ultimune Power Infusing Concentrate,Price (SUSPICIOUS >25% drift),136,68.00
B0GRGF479Q,"Electric Toothbrush, Sonic Type for Adults & Teens",Price (SUSPICIOUS >25% drift),$22.99 ,75.99
B0D5R69MPV,COSLUS Sonic Electric Toothbrush for Adults C40(DY-108Pro): 47000 VPM for Deep Cleaning with Travel Case,Review Count,3374,3701
B0CZL55GR7,2-1 Oral Clean Kit- Water Dental flosser & Electric Toothbrush Combo- Brushing & Flossing- for Teeth Cleaning and Gum,Review Count,1979,2334
B0CHJMYCH9,"Electronic Drum Set, 9-Drum Practice Pad with Headphone Jack",Price,36.99,33.38
B0CHJMYCH9,"Electronic Drum Set, 9-Drum Practice Pad with Headphone Jack",Review Count,662,712
B0D69YJH9Y,"EASTROCK Electronic Practice Drum Pad, 12 Inches Portable Drum Pad,Silent Drum Electric Drum Pad,Suitable for Beginners",Price,33.99,39.99
B0D69YJH9Y,"EASTROCK Electronic Practice Drum Pad, 12 Inches Portable Drum Pad,Silent Drum Electric Drum Pad,Suitable for Beginners",Rating,4.1,4.2
B0D69YJH9Y,"EASTROCK Electronic Practice Drum Pad, 12 Inches Portable Drum Pad,Silent Drum Electric Drum Pad,Suitable for Beginners",Review Count,29,31
B0C7K2L4LN,"LEKATO Electronic Drum Set, Portable Electric Drum Set for Beginner with Quiet Mesh Snare Drum Pads",Review Count,234,256
B0FGXGNZWY,"Electric Drum Set with Dual Speaker, Electronic Drum Pad and Sticks Kit Supports REC",Price (SUSPICIOUS >25% drift),39.99,49.99
B0B8S6MDD4,"Donner Electronic Drum Set, 7 Pads Electric Drum Pad Roll Up Quiet Drum Pad Built-in Speaker",Price,55.99,59.59
B0DK6VQGRS,Mompush Velo Lightweight Travel Stroller,Review Count,154,219
B0DWPB9LYC,UPPAbaby Minu V3 Travel Stroller | Lightweight + Compact Design,Review Count,295,345
B0CMW2H2SJ,Graco Outpace LX All-Terrain 3-Wheel Baby Stroller,Rating,4.4,4.6
B0CMW2H2SJ,Graco Outpace LX All-Terrain 3-Wheel Baby Stroller,Review Count,463,729
B07Y5X7N27,"Graco Modes Nest Travel System, 3-in1 Modular Carseat Stroller Combo",Review Count,3379,3679
B0DJXX76MN,"Momcozy ChangeGo Baby Stroller, Convertible Single-to-Double-to-Wagon Stroller with 23 Configurations",Review Count,239,263
B0049J4O0K,Best Choice Products 38in Beginner All Wood Acoustic Guitar Starter Kit w/Gig Bag,Price,54.99,56.99
B07ZX1XGXR,Best Choice Products 41in Full Size Beginner All Wood Acoustic Guitar Starter Set w/Gig Bag,Price (SUSPICIOUS >25% drift),109.99,149.99
B08P575V23,Best Choice Products 41in Beginner Acoustic Guitar Full Size All Wood Cutaway Guitar Starter Set w/Case,Price,69.99,79.99
B0DX7JY94Z,"Fender California Debut Redondo Series Acoustic Guitar, Beginner Guitar, 2-Year Warranty, Black",Review Count,569,717
B07WRSH9L4,MISSHA M Perfect Cover BB Cream No.29 Caramel Beige - Medium/Tan with Warm Undertone SPF 42 PA+++ 1.69 Fl Oz - Tinted Moisturizer for face with SPF,Review Count,27682,29118
B0FWKB7W3X,"BEBAS Lumbar Support Pillow for Car, Memory Foam Back Cushion for Driving",Price,28.49,32.99
B0FWKB7W3X,"BEBAS Lumbar Support Pillow for Car, Memory Foam Back Cushion for Driving",Rating,4.8,4.6
B0FWKB7W3X,"BEBAS Lumbar Support Pillow for Car, Memory Foam Back Cushion for Driving",Review Count,14,29
B0F2QZQWDN,"Kerastase Nutritive 8H Magic Night Serum - Overnight Treatment for Dry Hair, Enhances Shine, With Plant-Based Proteins",Review Count,7692,8960
B0CRZWWFKJ,"COLOR WOW MONEY MIST – Luxe Leave-in Conditioning Treatment for Glossy, Expensive-Looking Hair",Review Count,5829,6244
B0CGY8BVXT,Kitsch Scalp Massager for Hair Care - Scalp Scrubber,Rating,4.2,4.1
B0CGY8BVXT,Kitsch Scalp Massager for Hair Care - Scalp Scrubber,Review Count,2655,2929
B09HR5KSR8,"K18 Leave-In Molecular Repair Hair Mask, Patented",Review Count,28376,29858
B081JHTPKP,Mise En Scene Perfect Serum Original - Heat Protectant Hair Oil for Frizzy & Dry,Review Count,4876,5124
B0D36162Y9,Sol de Janeiro Tropical Abundance Hair Repair Trio Travel Set,Review Count,519,651
B0DB6CDLSM,Dove Hair Intensive Repair 10in1 Serum Mask for Damaged Hair with Bio-Protein Care Technology and Amino Serum 9.2 fl oz,Review Count,3134,3666
B0F3NYDYF3,Gisou Honey Gloss Ceramide Therapy Hair Mask – Deep Repair & Hydration with Mirsalehi Honey,Review Count,326,395
B0FWC3F2M1,"Electric Pressure Cooker 6 Qt, 9 Functions Programmable Instant Pot with IMD Touchscreen",Review Count,136,231
B0DJFJFSZ5,COMFEE’ 12-in-1 Electric Pressure Cooker,Price,71.99,81.99
B0DJFJFSZ5,COMFEE’ 12-in-1 Electric Pressure Cooker,Review Count,2127,2729
B0FNMT5CT1,"9-in-1 Electric Pressure Cooker, 1000W Instant Multi-Cooker with IMD Touchscreen",Price,71.98,76.48
B0FNMT5CT1,"9-in-1 Electric Pressure Cooker, 1000W Instant Multi-Cooker with IMD Touchscreen",Rating,4.8,4.5
B0FNMT5CT1,"9-in-1 Electric Pressure Cooker, 1000W Instant Multi-Cooker with IMD Touchscreen",Review Count,25,839
B00R3Z49G6,Amazon Basics 14-Piece High Carbon Stainless Steel Kitchen Knife Set with Full Tang Construction,Price (SUSPICIOUS >25% drift),39.99,24.99
B09K42568S,"DDF iohEF Knife Set with Knife Strip, 8 Piece Professional Kitchen Knife Set",Price,89.99,82.49
B09YQY517H,Brewin CHEFILOSOPHI Japanese Chef Knife Set 5 PCS,Price (SUSPICIOUS >25% drift),49.99,35.99
B0D9B96TBX,"Astercook Knife Set, 13 Pieces Kitchen Knives Set with Healthy Anti-Rust Coating",Review Count,4853,5565
B09H8CWFNK,"Shark AV2501S AI Ultra Robot Vacuum, with Matrix Clean",Price (SUSPICIOUS >25% drift),$269.99 ,459.99
B0DDZTT3S5,High End Designer Perfume Sample Set for Women - Pack of 12 Perfume Samples for Women,Price,20.49,19.49
B0DDZTT3S5,High End Designer Perfume Sample Set for Women - Pack of 12 Perfume Samples for Women,Review Count,220,240
B00ZCIHYRM,Gucci Bamboo by Gucci for Women 2.5 oz Eau de Parfum Spray,Rating,4.6,4.7
B00AVM2PQ4,"Versace Perfume for Women Variety 3-Piece Mini Gift Set – Yellow Diamond, Crystal Noir, Bright Crystal",Price,35.38,40.95
B0F3K9BBZ1,"COACH - Gold Parfum - Women's Perfume - Ambery Floral - With Notes of Pink Peppercorn, Almond Blossom & Vanilla",Price,72.25,80.00
B0F3K9BBZ1,"COACH - Gold Parfum - Women's Perfume - Ambery Floral - With Notes of Pink Peppercorn, Almond Blossom & Vanilla",Review Count,142,176
B07NRB4NB6,Lancôme La Vie Est Belle Eau de Parfum - Long Lasting Fragrance with Notes of Iris,Price,95.00,80.75
B07NRB4NB6,Lancôme La Vie Est Belle Eau de Parfum - Long Lasting Fragrance with Notes of Iris,Rating,4.7,4.6
B000E7WHCI,"Vera Wang Eau de Parfum for Women - Delicate, Floral Scent",Price,23.39,25.05
B000Z6EXK2,"Versace Women's Bright Crystal Mini, 0.17 Fl Oz",Price,15.79,13.49
B0CCF4KQTF,"LOVERY 24-Piece Beauty Perfume Sets Gifts Set, Unique Gifts for Women",Review Count,583,647
9790790961,Versace Bright Crystal by Versace for Women 3.0 oz Eau de Toilette Spray,Price,51.25,54.99
B01FHOWYA2,"Ninja Fit Compact Personal Blender, Portable Blender for-Smoothies",Price (SUSPICIOUS >25% drift),$54.99 ,69.99
B01GJOMWVA,BLACK+DECKER 12-Cup Digital Coffee Maker,Price,35.99,34.99
B01GJOMWVA,BLACK+DECKER 12-Cup Digital Coffee Maker,Rating,4.3,4.4
B0D9QFRJMX,Amazon Basics 5 Cup Drip Coffee Maker with Glass Coffee Pot (0.8 Qt),Review Count,13500,1456
B0BM3C13B6,Mueller 12-Cup Drip Coffee Maker - Borosilicate Carafe,Review Count,8000,8595
B07S98411N,"Ninja 12-Cup Programmable Coffee Brewer, 2 Brew Styles, Adjustable Warm Plate, 60oz Water Reservoir, Delay Brew",Rating,4.3,4.4
B0C8B9V7HR,BLACK+DECKER 12-Cup Coffee Maker with Easy On/Off Switch,Price,33.99,27.97
B0DPNJVG1Z,"BELLA 12 Cup Programmable Coffee Marker, Reusable Dishwasher Safe Accessories",Price (SUSPICIOUS >25% drift),$29.99 ,39.99
B0FPPTGPSG,Ninja Fresh Brew™ Drip Coffee Maker | Programmable 14Cup Glass Carafe,Rating,4.3,3.7
B0FPPTGPSG,Ninja Fresh Brew™ Drip Coffee Maker | Programmable 14Cup Glass Carafe,Review Count,28300,321
B08QD33PZ2,"Mr. Coffee® 5-Cup Mini Brew Switch Coffee Maker, Black",Price,28.99,26.99
B08QD33PZ2,"Mr. Coffee® 5-Cup Mini Brew Switch Coffee Maker, Black",Review Count,27600,32646
B08PP1H7QK,KRUPS Coffee Maker 10 Cups Simply Brew Stainless Steel Drip Coffee Maker,Price,53.00,45.95
B0CPMF4C5H,BLACK+DECKER Split Brew 12-Cup Digital Coffee Maker,Review Count,646,715
B0CZQCTD4K,Elite Gourmet EHC4128 Automatic 4-Cup Brew & Drip Coffee Maker with Pause N Serve,Review Count,7200,7781
B002YI2IG0,"Mr. Coffee Black Coffee Maker, 12 Cups, with Auto Pause and Glass Carafe, Perfect for Home and Office Use",Price (SUSPICIOUS >25% drift),$31.42 ,40.00
B071J1PBQ6,"The Ordinary Matrixyl 10% + Hyaluronic Acid, Anti-Aging Serum for Fine Lines and Wrinkles, 1 Fl Oz",Price (SUSPICIOUS >25% drift),$8.39 ,10.90
B0DQ5WZ8RZ,"SimplyVital Collagen, Retinol & Hyaluronic Acid Serum",Review Count,34400,679
B0DBF65JYY,medicube PDRN Pink Peptide Serum with Salmon DNA,Price,18.00,18.90
B0DBF65JYY,medicube PDRN Pink Peptide Serum with Salmon DNA,Review Count,12000,16044
B01M4MCUAF,TruSkin Vitamin C Serum for Face – Anti Aging Face Serum,Price,21.99,19.99
B01MYEZPC8,"The Ordinary Hyaluronic Acid 2% + B5 (with Ceramides), Multi-Depth Hydration Serum for Plumper, Smoother Skin",Price (SUSPICIOUS >25% drift),$7.62 ,9.90
B0F79H5QH3,L'Oreal Paris Revitalift Triple Power Age-Defying Face Serum,Review Count,1000,1464
B0C9DXGXZ3,"The Ordinary Multi-Peptide + Copper Peptides 1%, GHK-Cu Anti-Aging Serum for Fine Lines and Skin Elasticity",Price (SUSPICIOUS >25% drift),$24.64 ,32.00
B091MTKS35,Good Molecules Super Peptide Serum - Anti-aging Facial Serum with Peptides and Copper Tripeptides to Plump and Firm,Review Count,3000,3560
B0779YGB2G,"The Ordinary Retinol 1% in Squalane, High-Strength Retinol Serum for Anti-Aging and Skin Smoothing",Price (SUSPICIOUS >25% drift),$7.62 ,9.90
B0BLHW7JZM,"The Ordinary Multi-Peptide + Hyaluronic Acid, Anti-Aging Peptide Serum for Crow’s Feet, Elasticity & Firmness, 1 Fl Oz",Price (SUSPICIOUS >25% drift),$15.32 ,19.90
B0D6SL82YY,Clarins DOUBLE SERUM | Anti Aging Face Serum,Review Count,570,634
B07GVCVYB9,L'Oreal Paris Revitalift 1.5% Pure Hyaluronic Acid Serum for Face,Price (SUSPICIOUS >25% drift),$19.99 ,24.99
B0BBSP2JNQ,"Anti-Aging Face Moisturizer with Retinol, Collagen & Hyaluronic Acid",Price,19.98,23.97
B0FXMZ7X43,"L'Oreal Paris Age Perfect Serum Le Duo, Brightening",Review Count,81,284
B0CNJ1Z2GL,LANEIGE Water Bank Blue Hyaluronic Cream Moisturizer: Hydrating Korean Face Cream,Review Count,992,1108
B07MZ6X83Q,Shiseido Benefiance Wrinkle Smoothing Day Cream,Price,78.00,66.30
B07MZ6X83Q,Shiseido Benefiance Wrinkle Smoothing Day Cream,Review Count,1400,1612
B0DNRQSR9P,Paula's Choice Pro-Collagen Peptide Plumping Face Moisturizer,Price (SUSPICIOUS >25% drift),$49 ,34.30
B09GHN9129,"Olay Collagen Peptide Face Moisturizer, Firming Cream for Women, Fragrance-Free, Non-Greasy",Review Count,3600,3781
B09BG477N1,"Naturium Multi-Peptide Moisturizer, Hydrating & Smoothing Skin Care",Review Count,1800,1906
B0CBZW4DKF,Since the Day We Danced (Hadley Cove Sweet Romance Book 1),Price (SUSPICIOUS >25% drift),$2.99 ,26.99
B09ZKS5PQP,Make Me Lose: a small-town enemies-to-lovers romance (Bayshore Book 1),Price (SUSPICIOUS >25% drift),$0.00 ,2.99
B08W5HMCQ9,Claiming Her Forever: A Small Town Alpha Mountain Man Romance (Men of Rocky Mountain Book 1),Price (SUSPICIOUS >25% drift),$0.00 ,5.99
B0F2GJQWB9,Returning Home: A Sweet Small Town Best Friend's Brother Romance (Alder Creek Book 1),Price (SUSPICIOUS >25% drift),$0.00 ,0.99
B09K4FCGXG,Built Of Secrets (Small Town Heroes Romance Book 1),Price (SUSPICIOUS >25% drift),$0.00 ,0.99
B077ZBQZLZ,The Little Cottage on the Hill: A gorgeous feel good romance to escape with (The Little Cottage Series Book 1),Price (SUSPICIOUS >25% drift),$0.00 ,0.99
B07D7LPC3J,The Billionaire's Secret Marriage (The Limitless Sweet Billionaire Romance Series Book 1),Price (SUSPICIOUS >25% drift),$0.00 ,5.99
B0CW1HYCPQ,Rescue the Night (A Hartley's Nest Romance Book 1),Price (SUSPICIOUS >25% drift),$0.00 ,5.99
B01CT2VV90,Just For This Moment: A Small Town Southern Romance (Wishful Romance Book 4),Price (SUSPICIOUS >25% drift),$0.00 ,13.99
B0BXQ3LKRN,Just One Date (Billionaire Barons of Texas Book 1),Price (SUSPICIOUS >25% drift),$0.00 ,0.99
B07JDQHSLN,Good Girl: A Rockstar Romance (Wicked Book 1),Price (SUSPICIOUS >25% drift),$0.00 ,2.99
B07RWDH7XK,Enemies With Benefits: An Enemies-to-Lovers Romance (Loveless Brothers Romance Book 1),Price (SUSPICIOUS >25% drift),$0.00 ,18.99
B0BT8VH3ZN,The Charming Billionaire: An Opposites Attract Romance (The Baltimore Boys Book 1),Price (SUSPICIOUS >25% drift),$0.00 ,5.99
B0BS4DBXZ1,Just One Kiss (A Porch by the Sea—Book One),Price (SUSPICIOUS >25% drift),$0.00 ,2.99
B01MRM8LY2,"The Beginning of Loss - A Billionaire Romance Novel (Romance, Billionaire Romance, Life After Love Book 1)",Price (SUSPICIOUS >25% drift),$0.00 ,2.99
B09NRSWR1H,The Scent of Happiness (The Seven Senses Book 1),Price (SUSPICIOUS >25% drift),$0.00 ,4.99
B0C42D3574,Foolish Mistakes: An Enemies to Lovers Romance (Seaforth Billionaires Series Book 1),Price (SUSPICIOUS >25% drift),$0.00 ,2.99
B0BML56C95,Snowflake Creek Box Set: Books 1-3 (Snowflake Creek Bundles),Price (SUSPICIOUS >25% drift),$0.00 ,5.99
B0BZMZGH74,Accidentally in Bloom: An Enemies-to-Lovers,Price (SUSPICIOUS >25% drift),$0.00 ,3.99
B08T7N16CW,Breathe: Enemies to Lovers Female Boss Romance (A Price Family Romance Novel Book 1),Price (SUSPICIOUS >25% drift),$0.00 ,2.99
B0FSNGVSKH,The 100 Best Nonfiction Books of All Time: Essential Nonfiction Classics Every Reader Should Know (Caterthun Classics),Price (SUSPICIOUS >25% drift),$0.00 ,9.99
B00CATSONE,Nikola Tesla: Imagination and the Man That Invented the 20th Century,Price (SUSPICIOUS >25% drift),$0.00 ,2.99
B0GQC4CXHD,"SIMPLE HEALTH HABITS: Small Changes for Energy, Longevity, and Feeling Your Best (Simple Habits for Big Results Book 2)",Price (SUSPICIOUS >25% drift),$0.00 ,12.99
B07N5WYKD2,1% Success Habits: 10 Daily Habits to Crush Your Day,Price (SUSPICIOUS >25% drift),$0.00 ,0.99
B01CEMHIYC,The Art Of Letting Go,Price (SUSPICIOUS >25% drift),$0.00 ,2.99
B000OCXIJE,The Paid Companion,Price (SUSPICIOUS >25% drift),$4.99 ,9.99
B07NZCJX2Z,Paid In Full: An In-Depth Look at the Defining Moments of Christ's Passion,Price (SUSPICIOUS >25% drift),$9.99 ,14.99
B0BRMSJMKW,Paid In Full (Vitale Brothers Book 2),Price (SUSPICIOUS >25% drift),$0.00 ,18.99
B0CKY7G592,Rent: Paid in Full (Bad Decisions Book 1),Price (SUSPICIOUS >25% drift),$0.00 ,15.99
B07D2C6J4K,The Silent Patient,Price (SUSPICIOUS >25% drift),$0.00 ,17.99
B00OAAI18E,"Paid in Full: Your Debt, God's Payment",Price (SUSPICIOUS >25% drift),$0.99 ,2.99
B07QZXQL9J,Just Once: A Thriller,Price (SUSPICIOUS >25% drift),$0.00 ,14.00
B087ZXSPGJ,The Four Winds: A Novel,Price (SUSPICIOUS >25% drift),$11.99 ,18.99
B00C7735X8,Paid For – My Journey through Prostitution: Surviving a Life of Prostitution and Drug Addiction on Dublin's Streets,Price,5.99,6.94
B097F22163,Her Bridegroom Bought and Paid For (Brides of Karadok Book 4),Price (SUSPICIOUS >25% drift),$0.00 ,18.50
B08KGQV8KH,The Assassin's Betrayal: CIA Assassin (Jason Drake Spy Thriller Book 1),Price (SUSPICIOUS >25% drift),$0.00 ,4.99
B0C4LYRF4Z,Paid in Full: A Dark HuCow Romance (Masters of the Forbidden Book 1),Price (SUSPICIOUS >25% drift),$2.99 ,7.99
B08SBK816H,Role Model: Now Streaming on Crave and HBO Max (Game Changers: Heated Rivalry Book Series 5),Price (SUSPICIOUS >25% drift),$9.99 ,18.99
B0998DC1NC,Three Debts Paid: A Daniel Pitt Novel,Price (SUSPICIOUS >25% drift),$12.99 ,18.00
B08HJNQC26,Misjudged: A Legal Thriller (Sam Johnstone Book 1),Price (SUSPICIOUS >25% drift),$0.00 ,17.99
B0CC6CT29H,Marketing Magic: How I produced 7 billion views,Rating,4.3,4.4
B097XG3MY6,How to Get Paid for What You Know: Turning Your Knowledge,Price (SUSPICIOUS >25% drift),$12.99 ,25.00
B07NS9DP2G,Wild Ocean: A Coastal Caribbean Adventure (Tyson Wild Thriller Book 1),Price (SUSPICIOUS >25% drift),$0.00 ,14.99
B0DGT1R22D,"The Resistance Daughter: An utterly sweeping and unputdownable WW2 historical fiction debut novel, based on a true story",Price (SUSPICIOUS >25% drift),$0.99 ,17.99
B0C1Y9RMLR,First Lie Wins: Reese's Book Club: A Novel,Price,12.99,14.50
B0CYXX3PX1,The Correspondent: A Novel,Price (SUSPICIOUS >25% drift),$13.99 ,28.00
B0F4NVH7LS,The Violin Maker’s Secret: A Heartwarming and Enchanting Novel from the Internationally Bestselling Author of The Lost,Price (SUSPICIOUS >25% drift),$0.99 ,10.00
B0DSCN2KPR,Technics Reference Class Hi-Fi Wireless Earbuds,Price,247.99,234.99
B0DSCN2KPR,Technics Reference Class Hi-Fi Wireless Earbuds,Rating,4.2,4.1
B0DSCN2KPR,Technics Reference Class Hi-Fi Wireless Earbuds,Review Count,1200,1338
B096SV8SJG,Beats Studio Buds - True Wireless Noise Cancelling Earbuds,Rating,4.1,4.2
B0C5N5KH2M,Technics Premium Hi-Fi True Wireless Bluetooth Earbuds with Advanced Noise Cancelling,Price,188.09,147.99
B0C5N5KH2M,Technics Premium Hi-Fi True Wireless Bluetooth Earbuds with Advanced Noise Cancelling,Review Count,1200,1302
B0D5M9SH1X,EarFun Air Pro 4 Adaptive Hybrid Noise Canceling Wireless Earbuds,Review Count,6100,6514
B00IJ0ALYS,"DEWALT 20V MAX Cordless Drill and Impact Driver, Power Tool Combo Kit , Includes 2 Batteries, Charger and Bag (DCK240C2)",Price,139.00,149.00
B0BYF8PT3L,"Cuisinart Air Fryer, 6-Quart Basket Large Fryer with 5 Cooking Functions to Roast",Review Count,3200,3364
B08DKYBTPH,Chefman Air Fryer 8 Qt | TurboFry® 4-in-1 with 450°F Hi-Fry Option for Crispier Results,Price,79.96,69.99
B0DJFB6ZKM,Ninja Crispi 4-in-1 Glass Air Fryer | 450°F,Price,159.00,179.95
B0DJFB6ZKM,Ninja Crispi 4-in-1 Glass Air Fryer | 450°F,Review Count,6300,6625
B09MR49K1D,"Gourmia Air Fryer - 6 Qt Large Capacity, FryForce 360º",Price,69.99,66.73
B08HJQHNH9,Think Again: The Power of Knowing What You Don't Know,Price (SUSPICIOUS >25% drift),$29-49,15.75
1982137274,The 7 Habits of Highly Effective People: 30th Anniversary Edition (The Covey Habits Series),Price,9.11,10.81
B00X0TKUS0,48 Laws of Power,Price,29.00,24.78
B01COR1GM2,Never Split the Difference: Negotiating as if Your Life Depended on It,Price (SUSPICIOUS >25% drift),$29-49,20.47
B0C8ZKV5R9,Philips New 24 inch Frameless Full HD (1920 x 1080) 100Hz Monitor,Review Count,1700,1856
B0DB9Q5G3R,"Samsung 27"" Essential S3 (S36GD) Series FHD 1800R Curved Computer Monitor",Price,119.99,127.39
B0DB9Q5G3R,"Samsung 27"" Essential S3 (S36GD) Series FHD 1800R Curved Computer Monitor",Review Count,2000,2220
B0C8ZJNZY8,"Philips 271V8LB 27"" Framless Full HD (1920 x 1080) 100Hz Monitor",Price,89.99,100.99
B0C8ZJNZY8,"Philips 271V8LB 27"" Framless Full HD (1920 x 1080) 100Hz Monitor",Review Count,931,1059
B0F1H325FN,Dell 34 Plus USB-C Curved Monitor - S3425DW,Review Count,384,433
B0982TPZTW,Neck Pillows for Sleeping Travel Pink Travel Pillow Comfortable U Shape Memory Foam Pillows Neck and Head Support,Review Count,4600,4853
B082K8ZNQ1,"MLVOC Neck Pillow for Traveling, Upgraded 100% Pure Memory Foam Travel Neck Pillow for Airplane Flight Sleep",Price (SUSPICIOUS >25% drift),$18.95,23.99
B0CL9SXSBD,SAIREIDER Travel Pillow 100% Pure Memory Foam Travel Neck Pillow,Review Count,2400,2591
B0CL9SLBKC,"SAIREIDER Neck Pillows for Travel-Head Neck Support Travel Pillow for Traveling, Car, Home, Office Adjustable(Navy Blue)",Review Count,1300,1448
B0C23JV7CP,TESSAN European Travel Plug Adapter USB C 3 Pack,Review Count,1096,1161
B0CTJ67LK1,Black Forest High Flavanol Cocoa Powder - 1200mg Flavanols & Flavonoids with 600mg Epicatechin,Review Count,1890,2203
B0BZY6S3Y3,"12'' Shower Head with Handheld, High Pressure Rainfall Shower Head Combo with 11'' Adjustable Extension Arm",Price,69.99,79.49
B081BB6SNL,Lumin Daily Face Moisturizer for Men – Lightweight Hydrating Cream with Niacinamide,Price (SUSPICIOUS >25% drift),$42.99,53.99
